uid,component_type,discipline,x1,y1,x2,y2,Airflow_m3h,Capacity_m3h,Coating,ContaminatedPath,Diameter_mm,DuctSize_mm,EquipmentType,FluidType,IP_Rating,Insulation,Length_m,Material,Material_Grade,PressureClass,PressureRating_PSI,SectionType,Status,Vendor,VoltageLevel,Voltage_V
CMP-100001,Pipe_Segment,Piping,687.4,191.42,705.89,208.98,,,,,50,,,Oil,,Yes,,Carbon_Steel,,,,,Installed,Vendor_Alpha,,
CMP-100002,Compressor,Equipment,326.23,128.84,365.16,152.25,,,,,,,,,,,,,,,,,Ordered,Vendor_Delta,,6600
CMP-100003,Cable_Tray,Electrical,516.84,600.58,547.3,637.12,,,,,,,,,,,,,,,,,Connected,Vendor_Zeta,HV_33kV,
CMP-100004,Reducer,Piping,270.18,464.98,294.3,489.23,,,,,300,,,Oil,,Yes,,PVC,,,600,,Procured,Vendor_Alpha,,
CMP-100005,Pump,Equipment,744.54,300.82,761.19,338.65,,500,,,,,Shell_and_Tube,,,,,,,,,,Installed,Vendor_Epsilon,,6600
CMP-100006,Diffuser,HVAC,828.04,299.58,848.52,339.52,500,,,,,200x200,,,,Thermal,,Aluminum,,Low,,,Commissioned,Vendor_HVAC_1,,
CMP-100007,Flange,Piping,711.74,258.12,734.08,277.07,,,,,300,,,Gas,,Yes,,,,,600,,Procured,Vendor_Alpha,,
CMP-100008,Duct,HVAC,559.05,362.02,576.85,386.09,1200,,,,,600x400,,,,Acoustic,,,,Low,,,Installed,Vendor_HVAC_2,,
CMP-100009,Damper,HVAC,258.55,630.7,284.13,650.99,5000,,,,,400x300,,,,Acoustic,,Aluminum,,High,,,,,,
CMP-100010,Damper,HVAC,549.6,25.03,582.3,41.5,,,,,,,,,,Acoustic,,Aluminum,,High,,,Commissioned,Vendor_HVAC_2,,
CMP-100011,Transformer,Electrical,104.89,481.29,128.75,506.57,,,,,,,,,IP67,,,,,,,,,Vendor_Theta,LV_415V,
CMP-100012,Valve,Piping,192.43,395.4,210.93,414.99,,,,,250,,,Steam,,Yes,,Carbon_Steel,,,-9999,,Tested,Vendor_Beta,,
CMP-100013,Valve,Piping,361.08,709.72,382.71,744.32,,,,,300,,,Gas,,No,,Alloy_Steel,,,600,,Designed,Vendor_Gamma,,
CMP-100014,Flange,Piping,71.45,428.92,99.02,465.24,,,,,50,,,Steam,,No,,Carbon_Steel,,,600,,Designed,Vendor_Beta,,
CMP-100015,Air_Handler,HVAC,861.24,162.98,894.14,183.95,500,,,,,600x400,,,,,,Galvanized_Steel,,,,,Balanced,Vendor_HVAC_2,,
CMP-100016,Valve,Piping,352.57,130.42,388.41,163.01,,,,,250,,,Water,,Yes,,Carbon_Steel,,,600,,Procured,Vendor_Gamma,,
CMP-100017,Storage_Tank,Equipment,203.24,463.97,224.84,491.18,,,,,,,Centrifugal,,,,,,,,,,,Vendor_Delta,,3300
CMP-100018,Column,Structural,687.11,406.18,712.8,421.42,,,Galvanized,,,,,,,,9.0,,,,,UB_203x133,Fabricated,,,
CMP-100019,Bracing,Structural,829.08,577.29,865.6,614.76,,,None,,,,,,,,12.0,,A36,,,UC_254x254,Fabricated,,,
CMP-100020,Heat_Exchanger,Equipment,813.27,37.35,846.68,60.65,,100,,,,,Shell_and_Tube,,,,,,,,,,Ordered,Vendor_Delta,,6600
CMP-100021,Compressor,Equipment,334.69,594.38,371.47,614.95,,50,,,,,Reciprocating,,,,,,,,,,Commissioned,Vendor_Epsilon,,3300
CMP-100022,Pipe_Segment,Piping,809.33,202.85,838.84,242.44,,,,,150,,,Steam,,Yes,,,,,300,,Tested,,,
CMP-100023,Damper,HVAC,347.8,68.98,379.41,92.24,2500,,,,,200x200,,,,None,,Aluminum,,High,,,Commissioned,Vendor_HVAC_2,,
CMP-100024,Storage_Tank,Equipment,385.47,603.61,408.07,623.86,,500,,,,,Shell_and_Tube,,,,,,,,,,Commissioned,Vendor_Delta,,6600
CMP-100025,Flange,Piping,483.91,463.06,507.29,498.52,,,,,100,,,Water,,No,,PVC,,,150,,Procured,Vendor_Beta,,
CMP-100026,Junction_Box,Electrical,239.59,479.24,254.73,513.01,,,,,,,,,IP55,,,,,,,,Energized,Vendor_Zeta,LV_415V,
CMP-100027,Damper,HVAC,845.72,104.95,864.05,131.57,5000,,,,,600x400,,,,None,,Aluminum,,High,,,Installed,Vendor_HVAC_2,,
CMP-100028,Switchgear,Electrical,696.6,607.9,718.53,642.34,,,,,,,,,IP55,,,,,,,,Laid,Vendor_Theta,LV_415V,
CMP-100029,Duct,HVAC,144.54,181.88,176.89,214.54,5000,,,,,,,,,None,,Aluminum,,Low,,,Fabricated,Vendor_HVAC_2,,
CMP-100030,Cable_Tray,Electrical,868.47,229.03,893.22,266.32,,,,,,,,,IP67,,,,,,,,Laid,Vendor_Theta,HV_33kV,
CMP-100031,Junction_Box,Electrical,46.12,255.29,78.1,280.4,,,,,,,,,IP67,,,,,,,,Connected,Vendor_Zeta,MV_11kV,
CMP-100032,Reducer,Piping,142.13,343.19,158.39,367.67,,,,,200,,,Water,,Yes,,PVC,,,300,,Installed,Vendor_Alpha,,
CMP-100033,Pipe_Segment,Piping,874.65,159.55,890.16,178.36,,,,,100,,,Water,,Yes,,Carbon_Steel,,,300,,Procured,Vendor_Alpha,,
CMP-100034,Duct,HVAC,856.0,423.06,893.7,447.44,,,,,,400x300,,,,None,,Aluminum,,High,,,Fabricated,Vendor_HVAC_2,,
CMP-100035,I_Beam,Structural,475.36,258.86,511.6,294.42,,,None,,,,,,,,12.0,,A572_G50,,,UC_254x254,Erected,,,
CMP-100036,Diffuser,HVAC,438.39,598.01,468.2,621.07,5000,,,,,200x200,,,,Thermal,,Aluminum,,Medium,,,Installed,Vendor_HVAC_2,,
CMP-100037,Bracing,Structural,271.69,437.31,308.69,466.2,,,Galvanized,,,,,,,,12.0,,A36,,,,Inspected,,,
CMP-100038,Junction_Box,Electrical,733.64,85.14,754.18,117.43,,,,,,,,,IP67,,,,,,,,Connected,Vendor_Theta,HV_33kV,
CMP-100039,Platform,Structural,263.82,195.98,281.84,215.79,,,Painted_Epoxy,,,,,,,,6.0,,S355,,,PFC_200,Inspected,,,
CMP-100040,Air_Handler,HVAC,902.46,602.84,924.87,626.86,500,,,,,400x300,,,,Acoustic,,Aluminum,,High,,,Commissioned,Vendor_HVAC_2,,
CMP-100041,Pump,Equipment,247.23,623.21,265.08,639.84,,50,,,,,Shell_and_Tube,,,,,,,,,,Ordered,Vendor_Delta,,6600
CMP-100042,Diffuser,HVAC,565.69,573.52,586.33,601.58,5000,,,,,800x600,,,,Acoustic,,,,High,,,Installed,Vendor_HVAC_2,,
CMP-100043,Valve,Piping,235.88,406.39,254.79,431.6,,,,,100,,,,,No,,Alloy_Steel,,,300,,Installed,Vendor_Gamma,,
CMP-100044,Damper,HVAC,402.63,401.19,433.82,438.9,,,,,,200x200,,,,Thermal,,Aluminum,,High,,,Commissioned,Vendor_HVAC_2,,
CMP-100045,Cable_Tray,Electrical,558.23,642.6,591.59,672.69,,,,,,,,,IP67,,,,,,,,Energized,Vendor_Zeta,,
CMP-100046,I_Beam,Structural,706.8,142.63,734.77,168.69,,,Painted_Epoxy,,,,,,,,12.0,,S355,,,UC_254x254,Fabricated,,,
CMP-100047,Storage_Tank,Equipment,390.48,366.83,422.04,391.84,,250,,,,,Centrifugal,,,,,,,,,,Commissioned,Vendor_Delta,,415
CMP-100048,Diffuser,HVAC,391.92,151.31,415.96,185.22,1200,,,,,200x200,,,,None,,Aluminum,,Medium,,,Installed,Vendor_HVAC_2,,
CMP-100049,Duct,HVAC,517.03,85.25,556.84,123.07,1200,,,,,200x200,,,,Thermal,,Aluminum,,High,,,Installed,Vendor_HVAC_1,,
CMP-100050,Transformer,Electrical,849.68,375.77,886.66,412.37,,,,,,,,,IP67,,,,,,,,Laid,Vendor_Theta,MV_11kV,
CMP-100051,Diffuser,HVAC,798.73,332.58,825.84,355.89,2500,,,,,800x600,,,,Thermal,,Aluminum,,High,,,,Vendor_HVAC_2,,
CMP-100052,Transformer,Electrical,465.8,45.91,493.36,75.66,,,,,,,,,,,,,,,,,Laid,Vendor_Theta,MV_11kV,
CMP-100053,Pump,Equipment,442.54,698.44,466.0,730.76,,500,,,,,Reciprocating,,,,,,,,,,Commissioned,Vendor_Delta,,6600
CMP-100054,Duct,HVAC,231.29,499.08,253.47,519.77,500,,,,,,,,,,,Galvanized_Steel,,High,,,Balanced,Vendor_HVAC_2,,
CMP-100055,Heat_Exchanger,Equipment,498.05,416.15,532.86,435.4,,100,,,,,,,,,,,,,,,Commissioned,Vendor_Epsilon,,6600
CMP-100056,I_Beam,Structural,829.02,345.68,851.21,374.34,,,Painted_Epoxy,,,,,,,,12.0,,,,,PFC_200,Fabricated,,,
CMP-100057,Junction_Box,Electrical,115.99,286.96,139.96,309.36,,,,,,,,,IP67,,,,,,,,Laid,Vendor_Zeta,LV_415V,
CMP-100058,Diffuser,HVAC,769.56,652.05,803.95,672.8,2500,,,,,400x300,,,,None,,Galvanized_Steel,,High,,,Balanced,Vendor_HVAC_1,,
CMP-100059,Air_Handler,HVAC,679.12,83.09,701.5,116.78,2500,,,,,400x300,,,,Thermal,,Aluminum,,Medium,,,Balanced,Vendor_HVAC_2,,
CMP-100060,Reducer,Piping,886.6,118.53,925.76,155.03,,,,,250,,,Oil,,,,Alloy_Steel,,,300,,Installed,Vendor_Gamma,,
CMP-100061,I_Beam,Structural,627.35,350.03,657.84,388.61,,,Painted_Epoxy,,,,,,,,12.0,,S355,,,UB_203x133,Fabricated,,,
CMP-100062,Pump,Equipment,871.64,233.06,898.96,250.49,,250,,,,,Centrifugal,,,,,,,,,,Commissioned,Vendor_Delta,,6600
CMP-100063,Cable_Tray,Electrical,770.32,450.96,808.8,472.95,,,,C:/Synthetic/Temp/Config_6.dat,,,,,IP55,,,,,,,,Laid,Vendor_Theta,LV_415V,
CMP-100064,Air_Handler,HVAC,74.5,213.12,113.71,251.85,500,,,,,200x200,,,,Acoustic,,Galvanized_Steel,,,,,,Vendor_HVAC_1,,
CMP-100065,Damper,HVAC,751.75,183.1,786.11,217.82,1200,,,,,600x400,,,,Acoustic,,Galvanized_Steel,,High,,,Balanced,Vendor_HVAC_1,,
CMP-100066,Air_Handler,HVAC,34.2,205.76,52.37,231.28,2500,,,,,200x200,,,,Acoustic,,Galvanized_Steel,,Low,,,Balanced,Vendor_HVAC_1,,
CMP-100067,Reducer,Piping,782.57,318.39,800.27,351.2,,,,,100,,,Gas,,No,,Carbon_Steel,,,-9999,,Tested,,,
CMP-100068,Valve,Piping,407.06,641.66,432.41,677.35,,,,,150,,,,,No,,Carbon_Steel,,,300,,Designed,Vendor_Gamma,,
CMP-100069,Column,Structural,520.73,430.53,549.77,453.77,,,None,,,,,,,,3.0,,A572_G50,,,UC_254x254,Fabricated,,,
CMP-100070,Damper,HVAC,159.26,357.53,195.44,381.28,1200,,,,,200x200,,,,None,,Galvanized_Steel,,High,,,Balanced,,,
CMP-100071,Bracing,Structural,849.38,265.72,868.92,284.3,,,Galvanized,,,,,,,,3.0,,A36,,,PFC_200,Erected,,,
CMP-100072,Column,Structural,353.05,525.12,387.47,554.31,,,Painted_Epoxy,,,,,,,,3.0,,,,,,Erected,,,
CMP-100073,Junction_Box,Electrical,392.77,170.9,420.58,194.53,,,,,,,,,IP65,,,,,,,,Connected,,HV_33kV,
CMP-100074,Cable_Tray,Electrical,26.92,230.99,47.2,249.42,,,,,,,,,IP65,,,,,,,,Laid,Vendor_Zeta,MV_11kV,
CMP-100075,Air_Handler,HVAC,84.87,623.24,100.93,638.71,5000,,,,,600x400,,,,,,Aluminum,,Medium,,,Commissioned,Vendor_HVAC_2,,
CMP-100076,Reducer,Piping,780.04,190.32,809.76,218.42,,,,,100,,,Steam,,,,PVC,,,150,,Installed,Vendor_Gamma,,
CMP-100077,Heat_Exchanger,Equipment,112.52,199.18,131.86,218.0,,500,,,,,Centrifugal,,,,,,,,,,Commissioned,Vendor_Epsilon,,6600
CMP-100078,Column,Structural,415.79,348.24,446.57,383.15,,,,,,,,,,,3.0,,A572_G50,,,UC_254x254,Fabricated,,,
CMP-100079,Reducer,Piping,436.44,408.02,471.24,445.42,,,,,200,,,Water,,No,,Stainless_Steel,,,150,,Procured,,,
CMP-100080,Junction_Box,Electrical,491.66,446.86,515.76,484.81,,,,,,,,,IP55,,,,,,,,Energized,Vendor_Theta,MV_11kV,
CMP-100081,Reducer,Piping,275.73,526.61,307.14,564.27,,,,,,,,Water,,No,,PVC,,,300,,Tested,Vendor_Beta,,
CMP-100082,Pump,Equipment,601.42,316.38,625.47,340.44,,500,,,,,Centrifugal,,,,,,,,,,Installed,Vendor_Delta,,415
CMP-100083,Duct,HVAC,615.74,633.47,646.19,663.4,1200,,,,,400x300,,,,None,,Galvanized_Steel,,Low,,,Commissioned,Vendor_HVAC_1,,
CMP-100084,Platform,Structural,833.58,155.81,865.54,185.07,,,None,,,,,,,,6.0,,A572_G50,,,PFC_200,Erected,,,
CMP-100085,Reducer,Piping,806.71,408.18,824.27,444.33,,,,,,,,Water,,Yes,,PVC,,,300,,Procured,Vendor_Beta,,
CMP-100086,Reducer,Piping,67.93,371.4,88.82,411.26,,,,,50,,,Gas,,Yes,,Carbon_Steel,,,600,,Tested,Vendor_Alpha,,
CMP-100087,Junction_Box,Electrical,573.81,654.1,589.29,674.49,,,,,,,,,IP65,,,,,,,,Connected,Vendor_Zeta,HV_33kV,
CMP-100088,Valve,Piping,397.84,575.73,424.27,593.5,,,,,250,,,Steam,,Yes,,Carbon_Steel,,,150,,Procured,Vendor_Alpha,,
CMP-100089,Air_Handler,HVAC,80.91,388.24,108.59,427.95,500,,,,,800x600,,,,Acoustic,,Galvanized_Steel,,Medium,,,Fabricated,Vendor_HVAC_2,,
CMP-100090,Pump,Equipment,337.07,256.98,368.14,292.74,,100,,,,,Shell_and_Tube,,,,,,,,,,Commissioned,,,415
CMP-100091,Pump,Equipment,732.0,640.05,754.89,662.8,,50,,,,,Shell_and_Tube,,,,,,,,,,Ordered,Vendor_Epsilon,,415
CMP-100092,I_Beam,Structural,739.41,325.87,764.41,351.86,,,None,,,,,,,,9.0,,A572_G50,,,UC_254x254,Fabricated,,,
CMP-100093,Cable_Tray,Electrical,407.55,716.57,427.06,738.91,,,,,,,,,IP65,,,,,,,,Energized,Vendor_Theta,MV_11kV,
CMP-100094,Platform,Structural,58.12,629.03,81.93,668.98,,,None,,,,,,,,9.0,,A36,,,,Fabricated,,,
CMP-100095,Compressor,Equipment,51.32,67.06,85.78,91.22,,,,,,,Shell_and_Tube,,,,,,,,,,Installed,Vendor_Delta,,3300
CMP-100096,Damper,HVAC,496.51,298.62,527.75,319.86,5000,,,,,400x300,,,,Acoustic,,Aluminum,,Low,,,Balanced,Vendor_HVAC_2,,
CMP-100097,Pump,Equipment,142.16,71.84,161.48,104.67,,250,,,,,Shell_and_Tube,,,,,,,,,,,Vendor_Epsilon,,6600
CMP-100098,Heat_Exchanger,Equipment,734.33,376.13,752.36,396.15,,,,,,,Reciprocating,,,,,,,,,,Delivered,Vendor_Delta,,3300
CMP-100099,Flange,Piping,378.34,521.85,405.31,547.12,,,,,150,,,Steam,,No,,Carbon_Steel,,,300,,Procured,Vendor_Alpha,,
CMP-100100,Valve,Piping,293.71,133.38,332.08,154.02,,,,,150,,,Water,,No,,PVC,,,600,,Procured,Vendor_Gamma,,
CMP-100101,Heat_Exchanger,Equipment,612.86,524.44,642.99,560.5,,,,,,,Centrifugal,,,,,,,,,,Delivered,Vendor_Epsilon,,6600
CMP-100102,Duct,HVAC,468.23,459.01,490.47,497.93,500,,,,,800x600,,,,Thermal,,Aluminum,,Low,,,Balanced,Vendor_HVAC_2,,
CMP-100103,Platform,Structural,137.69,279.38,166.73,302.36,,,Painted_Epoxy,,,,,,,,,,A572_G50,,,UB_203x133,Erected,,,
CMP-100104,Heat_Exchanger,Equipment,752.13,673.63,785.16,693.38,,250,,,,,Shell_and_Tube,,,,,,,,,,Commissioned,Vendor_Delta,,415
CMP-100105,Air_Handler,HVAC,63.79,216.95,93.73,253.02,500,,,,,600x400,,,,Thermal,,Aluminum,,Medium,,,,Vendor_HVAC_2,,
CMP-100106,Air_Handler,HVAC,86.18,372.98,120.29,394.97,500,,,,,200x200,,,,Acoustic,,Aluminum,,Medium,,,Commissioned,Vendor_HVAC_1,,
CMP-100107,Valve,Piping,662.23,582.78,690.21,601.5,,,,,250,,,Oil,,No,,Stainless_Steel,,,300,,Installed,Vendor_Alpha,,
CMP-100108,Bracing,Structural,626.43,705.93,656.02,740.85,,,None,,,,,,,,6.0,,S355,,,PFC_200,Inspected,,,
CMP-100109,Diffuser,HVAC,153.0,496.51,168.79,535.22,5000,,,,,200x200,,,,None,,Aluminum,,High,,,Installed,Vendor_HVAC_2,,
CMP-100110,Junction_Box,Electrical,302.38,141.23,340.18,164.79,,,,,,,,,IP67,,,,,,,,Connected,Vendor_Zeta,HV_33kV,
CMP-100111,Bracing,Structural,222.38,701.04,244.82,723.27,,,None,,,,,,,,9.0,,S355,,,UC_254x254,Erected,,,
CMP-100112,Switchgear,Electrical,879.15,583.23,901.41,605.42,,,,,,,,,IP67,,,,,,,,Connected,Vendor_Theta,MV_11kV,
CMP-100113,Air_Handler,HVAC,143.55,450.97,173.22,472.03,500,,,,,400x300,,,,Acoustic,,Galvanized_Steel,,Medium,,,,Vendor_HVAC_1,,
CMP-100114,Junction_Box,Electrical,449.7,159.62,488.8,182.65,,,,,,,,,IP55,,,,,,,,Energized,Vendor_Zeta,LV_415V,
CMP-100115,Compressor,Equipment,814.02,143.05,852.01,182.98,,250,,,,,Reciprocating,,,,,,,,,,Ordered,Vendor_Epsilon,,415
CMP-100116,Platform,Structural,910.19,400.31,937.54,438.77,,,None,,,,,,,,12.0,,A572_G50,,,UB_203x133,Inspected,,,
CMP-100117,Bracing,Structural,531.0,550.1,550.39,586.5,,,Galvanized,,,,,,,,3.0,,A572_G50,,,UB_203x133,Fabricated,,,
CMP-100118,Flange,Piping,365.22,332.71,386.89,355.95,,,,,150,,,Oil,,No,,Carbon_Steel,,,150,,Installed,Vendor_Gamma,,
CMP-100119,Bracing,Structural,573.16,173.39,591.5,192.22,,,None,,,,,,,,12.0,,S355,,,PFC_200,Fabricated,,,
CMP-100120,Duct,HVAC,492.96,389.72,517.0,427.65,1200,,,,,400x300,,,,Thermal,,Galvanized_Steel,,High,,,,Vendor_HVAC_1,,
CMP-100121,Transformer,Electrical,481.92,339.76,498.36,366.32,,,,,,,,,,,,,,,,,Laid,Vendor_Zeta,HV_33kV,
CMP-100122,Reducer,Piping,330.08,64.63,369.93,102.99,,,,,50,,,Oil,,No,,,,,150,,Tested,Vendor_Gamma,,
CMP-100123,Damper,HVAC,608.18,263.44,627.64,291.87,500,,,,,400x300,,,,Acoustic,,Aluminum,,Medium,,,Balanced,Vendor_HVAC_1,,
CMP-100124,Pipe_Segment,Piping,748.53,313.47,782.68,350.56,,,,,50,,,Water,,Yes,,,,,300,,Procured,Vendor_Alpha,,
CMP-100125,Storage_Tank,Equipment,230.75,661.48,260.15,690.92,,100,,,,,Reciprocating,,,,,,,,,,Installed,Vendor_Delta,,6600
CMP-100126,Junction_Box,Electrical,62.2,261.09,93.28,285.62,,,,,,,,,IP55,,,,,,,,Laid,Vendor_Theta,HV_33kV,
CMP-100127,Heat_Exchanger,Equipment,290.66,515.3,325.8,553.17,,100,,,,,Reciprocating,,,,,,,,,,Ordered,Vendor_Epsilon,,3300
CMP-100128,Valve,Piping,66.38,284.02,96.5,300.01,,,,,250,,,Gas,,Yes,,,,,600,,Designed,Vendor_Alpha,,
CMP-100129,Reducer,Piping,843.0,506.94,875.59,531.86,,,,,200,,,Oil,,No,,PVC,,,600,,Tested,Vendor_Beta,,
CMP-100130,Storage_Tank,Equipment,301.63,52.0,338.23,85.53,,500,,,,,,,,,,,,,,,Commissioned,Vendor_Delta,,415
CMP-100131,Switchgear,Electrical,251.59,595.11,290.75,626.15,,,,,,,,,IP65,,,,,,,,Energized,Vendor_Zeta,LV_415V,
CMP-100132,Duct,HVAC,491.55,607.35,508.41,642.8,,,,,,,,,,,,Galvanized_Steel,,High,,,Balanced,,,
CMP-100133,Diffuser,HVAC,613.36,31.01,641.67,56.29,2500,,,,,,,,,Acoustic,,Aluminum,,,,,Fabricated,Vendor_HVAC_1,,
CMP-100134,Storage_Tank,Equipment,753.69,207.13,778.61,231.46,,100,,,,,Shell_and_Tube,,,,,,,,,,Ordered,,,415
CMP-100135,Junction_Box,Electrical,517.43,59.28,532.67,78.56,,,,,,,,,IP65,,,,,,,,Laid,Vendor_Zeta,MV_11kV,
CMP-100136,Heat_Exchanger,Equipment,831.15,504.6,860.32,526.38,,50,,,,,Shell_and_Tube,,,,,,,,,,,Vendor_Delta,,3300
CMP-100137,Cable_Tray,Electrical,289.35,414.77,318.52,451.01,,,,,,,,,IP67,,,,,,,,Energized,Vendor_Theta,HV_33kV,
CMP-100138,Pipe_Segment,Piping,413.38,607.07,436.89,641.3,,,,C:/Synthetic/Temp/Config_10.dat,150,,,Gas,,No,,Alloy_Steel,,,,,Tested,Vendor_Gamma,,
CMP-100139,Diffuser,HVAC,97.12,453.03,132.07,485.86,1200,,,,,,,,,,,Galvanized_Steel,,Medium,,,Balanced,Vendor_HVAC_1,,
CMP-100140,Pump,Equipment,188.65,334.19,217.52,359.39,,50,,,,,,,,,,,,,,,Ordered,Vendor_Epsilon,,3300
CMP-100141,Valve,Piping,534.76,138.71,559.28,157.18,,,,,100,,,Steam,,Yes,,Alloy_Steel,,,300,,Tested,Vendor_Alpha,,
CMP-100142,Cable_Tray,Electrical,141.94,24.74,166.83,60.78,,,,,,,,,IP65,,,,,,,,Energized,Vendor_Zeta,MV_11kV,
CMP-100143,Bracing,Structural,562.89,506.7,589.87,526.14,,,Painted_Epoxy,,,,,,,,6.0,,A572_G50,,,PFC_200,Erected,,,
CMP-100144,I_Beam,Structural,858.86,159.86,898.79,179.36,,,Painted_Epoxy,,,,,,,,6.0,,A36,,,UC_254x254,Fabricated,,,
CMP-100145,Junction_Box,Electrical,145.26,231.98,166.58,250.83,,,,,,,,,,,,,,,,,Connected,Vendor_Theta,MV_11kV,
CMP-100146,Duct,HVAC,731.65,271.67,769.04,300.09,1200,,,,,200x200,,,,None,,Galvanized_Steel,,Medium,,,Commissioned,Vendor_HVAC_2,,
CMP-100147,Cable_Tray,Electrical,29.49,201.12,57.26,229.09,,,,,,,,,IP65,,,,,,,,Energized,Vendor_Zeta,HV_33kV,
CMP-100148,I_Beam,Structural,454.49,226.8,492.5,243.95,,,Painted_Epoxy,,,,,,,,6.0,,S355,,,UC_254x254,Erected,,,
CMP-100149,Switchgear,Electrical,80.46,51.28,113.23,66.84,,,,,,,,,IP55,,,,,,,,Energized,Vendor_Zeta,LV_415V,
CMP-100150,Damper,HVAC,317.89,318.46,344.44,353.4,5000,,,,,400x300,,,,Thermal,,Galvanized_Steel,,High,,,Installed,Vendor_HVAC_1,,
CMP-100151,Duct,HVAC,739.55,395.82,763.69,415.75,2500,,,,,800x600,,,,Thermal,,Galvanized_Steel,,High,,,Balanced,Vendor_HVAC_1,,
CMP-100152,Storage_Tank,Equipment,126.08,233.77,145.66,266.11,,500,,,,,Reciprocating,,,,,,,,,,Delivered,Vendor_Epsilon,,3300
CMP-100153,Column,Structural,188.39,609.39,218.88,646.03,,,Painted_Epoxy,,,,,,,,12.0,,A572_G50,,,UC_254x254,Erected,,,
CMP-100154,Transformer,Electrical,94.4,41.6,128.43,63.9,,,,,,,,,IP65,,,,,,,,Connected,Vendor_Zeta,HV_33kV,
CMP-100155,Duct,HVAC,261.1,400.17,300.87,428.72,5000,,,,,800x600,,,,Acoustic,,Aluminum,,High,,,Balanced,Vendor_HVAC_1,,
CMP-100156,Cable_Tray,Electrical,718.07,185.86,753.34,215.56,,,,,,,,,IP65,,,,,,,,Laid,Vendor_Zeta,HV_33kV,
CMP-100157,Flange,Piping,499.05,437.8,518.26,477.28,,,,,250,,,Oil,,Yes,,PVC,,,600,,Installed,Vendor_Alpha,,
CMP-100158,Heat_Exchanger,Equipment,151.62,245.47,172.81,281.56,,250,,,,,Centrifugal,,,,,,,,,,Ordered,Vendor_Epsilon,,3300
CMP-100159,Platform,Structural,875.23,249.1,890.29,283.45,,,None,,,,,,,,9.0,,S355,,,PFC_200,Erected,,,
CMP-100160,Compressor,Equipment,261.68,599.84,285.12,629.29,,50,,,,,Reciprocating,,,,,,,,,,Commissioned,,,
CMP-100161,Compressor,Equipment,430.87,714.29,456.56,754.18,,250,,,,,Shell_and_Tube,,,,,,,,,,Ordered,Vendor_Delta,,
CMP-100162,Reducer,Piping,583.04,528.19,616.92,553.92,,,,,,,,Oil,,Yes,,,,,150,,,Vendor_Alpha,,
CMP-100163,Transformer,Electrical,449.93,180.26,467.16,215.41,,,,,,,,,IP55,,,,,,,,Laid,Vendor_Zeta,MV_11kV,
CMP-100164,Pipe_Segment,Piping,569.29,134.88,593.07,155.21,,,,,200,,,Oil,,Yes,,Alloy_Steel,,,150,,Tested,Vendor_Alpha,,
CMP-100165,Storage_Tank,Equipment,600.16,193.72,630.18,226.75,,,,,,,Shell_and_Tube,,,,,,,,,,Delivered,Vendor_Epsilon,,3300
CMP-100166,Valve,Piping,465.4,98.92,492.89,128.77,,,,,150,,,Water,,Yes,,Carbon_Steel,,,600,,,,,
CMP-100167,Column,Structural,55.84,62.33,90.57,90.0,,,None,,,,,,,,3.0,,S355,,,UC_254x254,Erected,,,
CMP-100168,Flange,Piping,91.12,664.65,130.48,683.53,,,,,200,,,,,,,Carbon_Steel,,,150,,Tested,Vendor_Alpha,,
CMP-100169,Column,Structural,127.5,515.53,160.04,534.63,,,Painted_Epoxy,,,,,,,,9.0,,S355,,,PFC_200,Fabricated,,,
CMP-100170,Flange,Piping,746.4,210.39,763.0,243.2,,,,,250,,,Gas,,Yes,,Carbon_Steel,,,300,,Designed,Vendor_Gamma,,
CMP-100171,Pipe_Segment,Piping,792.82,28.6,808.97,52.7,,,,,50,,,Steam,,No,,Stainless_Steel,,,600,,Installed,Vendor_Alpha,,
CMP-100172,Air_Handler,HVAC,127.46,491.33,143.78,511.91,500,,,,,200x200,,,,None,,Aluminum,,Medium,,,Balanced,Vendor_HVAC_2,,
CMP-100173,Damper,HVAC,437.53,434.18,464.86,468.5,5000,,,,,400x300,,,,Acoustic,,Galvanized_Steel,,,,,Commissioned,Vendor_HVAC_2,,
CMP-100174,Valve,Piping,496.83,186.72,524.13,203.22,,,,,,,,Water,,No,,PVC,,,600,,Procured,Vendor_Beta,,
CMP-100175,Pipe_Segment,Piping,411.48,694.95,432.4,716.47,,,,,300,,,Steam,,Yes,,Alloy_Steel,,,300,,Designed,Vendor_Alpha,,
CMP-100176,Junction_Box,Electrical,302.63,104.52,326.59,138.78,,,,,,,,,IP55,,,,,,,,,Vendor_Theta,MV_11kV,
CMP-100177,Duct,HVAC,213.52,619.6,232.23,652.38,2500,,,,,800x600,,,,Thermal,,,,Low,,,Installed,,,
CMP-100178,Valve,Piping,129.31,63.17,163.83,83.73,,,,,300,,,Water,,No,,Alloy_Steel,,,150,,,,,
CMP-100179,Transformer,Electrical,102.78,613.09,138.0,631.15,,,,,,,,,IP67,,,,,,,,Energized,Vendor_Zeta,LV_415V,
CMP-100180,Junction_Box,Electrical,175.53,170.3,195.21,192.3,,,,,,,,,IP67,,,,,,,,Connected,Vendor_Theta,LV_415V,
CMP-100181,Pipe_Segment,Piping,271.8,116.07,291.79,153.19,,,,,300,,,Gas,,No,,Carbon_Steel,,,600,,Procured,,,
CMP-100182,Damper,HVAC,46.37,587.48,68.39,622.7,1200,,,,,600x400,,,,None,,Galvanized_Steel,,Low,,,,Vendor_HVAC_1,,
CMP-100183,Diffuser,HVAC,339.32,607.46,375.45,626.86,500,,,,,600x400,,,,Acoustic,,Galvanized_Steel,,Medium,,,Commissioned,Vendor_HVAC_1,,
CMP-100184,Cable_Tray,Electrical,101.23,182.84,121.7,211.0,,,,,,,,,IP55,,,,,,,,Connected,Vendor_Theta,,
CMP-100185,Pipe_Segment,Piping,152.94,513.29,171.48,531.06,,,,,150,,,Gas,,Yes,,PVC,,,600,,Procured,Vendor_Beta,,
CMP-100186,Switchgear,Electrical,176.78,698.12,209.12,736.34,,,,,,,,,IP55,,,,,,,,Energized,Vendor_Zeta,LV_415V,
CMP-100187,Pump,Equipment,873.91,684.09,898.7,723.95,,250,,,,,Centrifugal,,,,,,,,,,Ordered,Vendor_Delta,,6600
CMP-100188,I_Beam,Structural,234.2,707.67,253.4,744.8,,,Painted_Epoxy,,,,,,,,9.0,,,,,PFC_200,Inspected,,,
CMP-100189,Flange,Piping,250.99,95.62,266.02,120.27,,,,,200,,,Steam,,Yes,,Stainless_Steel,,,300,,Designed,Vendor_Alpha,,
CMP-100190,I_Beam,Structural,306.85,686.16,323.71,705.41,,,None,,,,,,,,3.0,,S355,,,,Inspected,,,
CMP-100191,Reducer,Piping,868.2,135.5,905.44,154.43,,,,,200,,,Gas,,No,,Stainless_Steel,,,600,,Designed,Vendor_Gamma,,
CMP-100192,Transformer,Electrical,69.05,22.67,86.24,58.27,,,,,,,,,IP55,,,,,,,,Energized,Vendor_Zeta,MV_11kV,
CMP-100193,Cable_Tray,Electrical,297.52,298.23,324.75,329.76,,,,,,,,,IP55,,,,,,,,Connected,Vendor_Theta,,
CMP-100194,Flange,Piping,415.77,204.38,451.7,233.49,,,,,,,,Oil,,Yes,,Carbon_Steel,,,600,,Tested,Vendor_Gamma,,
CMP-100195,Transformer,Electrical,448.64,75.27,486.21,108.13,,,,,,,,,IP67,,,,,,,,Laid,Vendor_Theta,HV_33kV,
CMP-100196,Heat_Exchanger,Equipment,894.95,585.92,913.1,611.5,,100,,,,,Reciprocating,,,,,,,,,,Ordered,,,3300
CMP-100197,Diffuser,HVAC,516.85,619.64,544.84,657.57,5000,,,,,,,,,None,,Galvanized_Steel,,Low,,,Balanced,Vendor_HVAC_2,,
CMP-100198,Switchgear,Electrical,364.74,359.91,394.96,375.85,,,,,,,,,IP67,,,,,,,,Laid,Vendor_Theta,LV_415V,
CMP-100199,Pump,Equipment,691.17,664.58,728.6,680.09,,500,,,,,Reciprocating,,,,,,,,,,,Vendor_Delta,,6600
CMP-100200,Platform,Structural,716.63,244.61,749.85,274.73,,,None,,,,,,,,9.0,,,,,UC_254x254,Fabricated,,,
CMP-100201,Platform,Structural,142.08,615.91,179.06,631.63,,,,,,,,,,,,,A36,,,UB_203x133,Fabricated,,,
CMP-100202,Bracing,Structural,761.16,373.59,792.05,391.69,,,Painted_Epoxy,,,,,,,,12.0,,,,,PFC_200,Erected,,,
CMP-100203,Flange,Piping,44.71,54.76,81.06,89.26,,,,,300,,,Water,,Yes,,Stainless_Steel,,,600,,Procured,Vendor_Gamma,,
CMP-100204,Valve,Piping,247.15,583.56,269.79,622.74,,,,,150,,,Water,,No,,Alloy_Steel,,,150,,Installed,Vendor_Gamma,,
CMP-100205,Air_Handler,HVAC,288.63,95.67,305.23,135.38,2500,,,,,600x400,,,,None,,Galvanized_Steel,,High,,,Balanced,Vendor_HVAC_1,,
CMP-100206,Switchgear,Electrical,253.48,313.0,278.19,328.88,,,,,,,,,IP65,,,,,,,,Laid,Vendor_Theta,HV_33kV,
CMP-100207,Bracing,Structural,780.88,608.45,817.79,627.98,,,Painted_Epoxy,,,,,,,,6.0,,,,,UC_254x254,Fabricated,,,
CMP-100208,Column,Structural,689.79,234.96,724.49,258.24,,,Galvanized,,,,,,,,3.0,,A572_G50,,,UB_203x133,Inspected,,,
CMP-100209,Switchgear,Electrical,391.8,629.59,410.57,669.4,,,,,,,,,IP65,,,,,,,,Energized,Vendor_Zeta,HV_33kV,
CMP-100210,Switchgear,Electrical,587.93,143.78,618.79,158.9,,,,,,,,,IP55,,,,,,,,Laid,Vendor_Theta,LV_415V,
CMP-100211,Junction_Box,Electrical,406.12,354.18,421.24,382.52,,,,,,,,,IP67,,,,,,,,Energized,,LV_415V,
CMP-100212,Heat_Exchanger,Equipment,644.17,261.04,662.39,285.63,,,,,,,Centrifugal,,,,,,,,,,Commissioned,Vendor_Epsilon,,
CMP-100213,Transformer,Electrical,328.46,650.97,352.44,670.68,,,,,,,,,,,,,,,,,Laid,Vendor_Zeta,MV_11kV,
CMP-100214,Damper,HVAC,130.85,517.78,165.65,542.16,500,,,,,200x200,,,,Thermal,,Galvanized_Steel,,High,,,Fabricated,Vendor_HVAC_2,,
CMP-100215,Heat_Exchanger,Equipment,645.67,461.22,668.2,492.76,,100,,,,,Reciprocating,,,,,,,,,,Ordered,Vendor_Delta,,415
CMP-100216,Transformer,Electrical,568.1,564.57,603.89,603.9,,,,,,,,,IP55,,,,,,,,Laid,Vendor_Theta,MV_11kV,
CMP-100217,Column,Structural,22.46,490.14,60.13,526.02,,,Painted_Epoxy,,,,,,,,,,A36,,,PFC_200,Erected,,,
CMP-100218,Bracing,Structural,437.85,89.87,457.22,105.86,,,,,,,,,,,3.0,,S355,,,PFC_200,Inspected,,,
CMP-100219,Storage_Tank,Equipment,341.77,326.4,372.32,363.36,,100,,,,,,,,,,,,,,,Installed,Vendor_Epsilon,,3300
CMP-100220,Transformer,Electrical,121.75,507.32,138.22,545.88,,,,,,,,,IP65,,,,,,,,Energized,Vendor_Theta,MV_11kV,
CMP-100221,I_Beam,Structural,796.32,635.97,829.5,673.26,,,Painted_Epoxy,,,,,,,,3.0,,A572_G50,,,UC_254x254,,,,
CMP-100222,Damper,HVAC,900.11,488.89,923.57,516.97,1200,,,,,200x200,,,,None,,Aluminum,,High,,,Fabricated,,,
CMP-100223,Compressor,Equipment,786.68,628.59,803.55,655.88,,,,,,,Reciprocating,,,,,,,,,,Delivered,,,6600
CMP-100224,Junction_Box,Electrical,99.22,368.92,122.12,408.44,,,,,,,,,IP65,,,,,,,,,Vendor_Zeta,LV_415V,
CMP-100225,Air_Handler,HVAC,821.1,413.63,852.46,440.04,5000,,,,,200x200,,,,Acoustic,,Aluminum,,High,,,,Vendor_HVAC_1,,
CMP-100226,Bracing,Structural,766.9,695.1,789.2,723.15,,,None,,,,,,,,12.0,,A36,,,UC_254x254,Fabricated,,,
CMP-100227,Transformer,Electrical,431.34,566.99,464.26,584.68,,,,,,,,,IP67,,,,,,,,Connected,Vendor_Zeta,HV_33kV,
CMP-100228,Cable_Tray,Electrical,497.33,54.0,535.71,89.97,,,,,,,,,IP55,,,,,,,,Laid,Vendor_Zeta,HV_33kV,
CMP-100229,Reducer,Piping,611.77,444.31,634.82,481.34,,,,,150,,,Gas,,Yes,,Stainless_Steel,,,300,,Installed,Vendor_Gamma,,
CMP-100230,Heat_Exchanger,Equipment,208.74,520.07,240.91,558.1,,100,,,,,Shell_and_Tube,,,,,,,,,,Ordered,Vendor_Epsilon,,6600
CMP-100231,Diffuser,HVAC,626.82,645.71,655.17,682.65,500,,,,,200x200,,,,Acoustic,,Galvanized_Steel,,Low,,,Balanced,Vendor_HVAC_1,,
CMP-100232,Column,Structural,698.23,42.61,733.58,60.17,,,None,,,,,,,,12.0,,S355,,,UB_203x133,Inspected,,,
CMP-100233,Reducer,Piping,368.8,689.69,408.2,712.51,,,,,100,,,Steam,,No,,Carbon_Steel,,,300,,Procured,Vendor_Alpha,,
CMP-100234,Valve,Piping,886.23,534.56,904.21,550.58,,,,,250,,,,,Yes,,PVC,,,150,,Designed,Vendor_Gamma,,
CMP-100235,Air_Handler,HVAC,461.5,420.87,485.45,455.47,500,,,,,400x300,,,,,,Aluminum,,Low,,,Installed,Vendor_HVAC_2,,
CMP-100236,Bracing,Structural,216.6,546.86,244.86,586.78,,,None,,,,,,,,12.0,,S355,,,,Inspected,,,
CMP-100237,Pump,Equipment,634.3,244.66,672.2,283.28,,50,,,,,Shell_and_Tube,,,,,,,,,,Commissioned,Vendor_Epsilon,,3300
CMP-100238,Storage_Tank,Equipment,482.51,683.75,501.69,722.66,,100,,,,,Centrifugal,,,,,,,,,,Commissioned,Vendor_Delta,,415
CMP-100239,Diffuser,HVAC,601.91,677.83,635.58,696.67,,,,,,600x400,,,,None,,Aluminum,,,,,Balanced,Vendor_HVAC_2,,
CMP-100240,Junction_Box,Electrical,304.76,292.65,322.72,307.8,,,,,,,,,IP67,,,,,,,,,Vendor_Theta,LV_415V,
CMP-100241,Duct,HVAC,280.85,500.12,311.01,522.16,500,,,,,800x600,,,,None,,Aluminum,,High,,,Installed,Vendor_HVAC_2,,
CMP-100242,Valve,Piping,130.91,23.52,160.83,51.95,,,,,300,,,Steam,,Yes,,PVC,,,300,,Installed,Vendor_Alpha,,
CMP-100243,Duct,HVAC,786.25,672.66,826.11,699.19,2500,,,,,600x400,,,,Thermal,,Aluminum,,,,,Installed,Vendor_HVAC_1,,
CMP-100244,Storage_Tank,Equipment,457.28,249.84,488.77,282.18,,250,,,,,Shell_and_Tube,,,,,,,,,,,Vendor_Delta,,415
CMP-100245,Switchgear,Electrical,776.1,114.01,809.42,150.96,,,,,,,,,IP65,,,,,,,,Laid,Vendor_Zeta,MV_11kV,
CMP-100246,Column,Structural,822.17,157.5,855.51,188.17,,,Painted_Epoxy,,,,,,,,,,A36,,,PFC_200,Fabricated,,,
CMP-100247,Flange,Piping,509.12,719.11,535.92,753.49,,,,,250,,,Water,,Yes,,Stainless_Steel,,,300,,Procured,Vendor_Alpha,,
CMP-100248,Transformer,Electrical,181.23,684.1,212.72,723.29,,,,,,,,,IP55,,,,,,,,Connected,Vendor_Theta,MV_11kV,
CMP-100249,Column,Structural,58.53,164.74,96.22,188.77,,,None,,,,,,,,9.0,,A572_G50,,,UB_203x133,Erected,,,
CMP-100250,Column,Structural,358.99,284.96,388.68,322.42,,,Painted_Epoxy,,,,,,,,9.0,,,,,UB_203x133,Erected,,,
CMP-100251,Duct,HVAC,471.65,117.28,490.79,134.21,1200,,,,,400x300,,,,Thermal,,Galvanized_Steel,,High,,,Commissioned,Vendor_HVAC_2,,
CMP-100252,Heat_Exchanger,Equipment,602.53,307.63,623.62,325.83,,50,,,,,Centrifugal,,,,,,,,,,,Vendor_Delta,,415
CMP-100253,Diffuser,HVAC,559.42,414.52,574.89,447.51,1200,,,,,600x400,,,,Thermal,,Galvanized_Steel,,Medium,,,Installed,Vendor_HVAC_2,,
CMP-100254,Storage_Tank,Equipment,850.12,437.57,866.84,462.03,,500,,,,,Centrifugal,,,,,,,,,,,Vendor_Delta,,6600
CMP-100255,Duct,HVAC,103.87,481.57,141.42,510.05,5000,,,,,,,,,Thermal,,Aluminum,,Medium,,,Commissioned,Vendor_HVAC_1,,
CMP-100256,Transformer,Electrical,249.07,556.1,286.82,573.2,,,,,,,,,IP55,,,,,,,,,Vendor_Zeta,HV_33kV,
CMP-100257,Duct,HVAC,487.79,282.52,507.93,317.63,2500,,,,,200x200,,,,None,,Aluminum,,High,,,Installed,Vendor_HVAC_2,,
CMP-100258,Storage_Tank,Equipment,523.18,358.63,562.89,388.07,,50,,,,,Reciprocating,,,,,,,,,,Delivered,Vendor_Epsilon,,3300
CMP-100259,I_Beam,Structural,164.66,695.2,179.79,712.48,,,,,,,,,,,9.0,,S355,,,UB_203x133,,,,
CMP-100260,Junction_Box,Electrical,572.57,384.7,605.36,414.64,,,,,,,,,IP65,,,,,,,,,Vendor_Theta,LV_415V,
CMP-100261,Pump,Equipment,725.56,377.38,758.02,407.76,,50,,,,,Reciprocating,,,,,,,,,,Commissioned,Vendor_Epsilon,,415
CMP-100262,Transformer,Electrical,485.97,535.85,502.69,553.1,,,,,,,,,IP65,,,,,,,,Connected,Vendor_Zeta,HV_33kV,
CMP-100263,Junction_Box,Electrical,537.42,202.78,562.6,220.44,,,,,,,,,IP55,,,,,,,,Connected,Vendor_Theta,,
CMP-100264,Junction_Box,Electrical,526.85,558.98,560.79,598.01,,,,,,,,,IP55,,,,,,,,Connected,,MV_11kV,
CMP-100265,Heat_Exchanger,Equipment,740.15,308.7,763.98,337.09,,50,,,,,Reciprocating,,,,,,,,,,Ordered,Vendor_Delta,,6600
CMP-100266,Switchgear,Electrical,338.18,646.02,359.91,684.7,,,,,,,,,IP55,,,,,,,,Laid,Vendor_Zeta,LV_415V,
CMP-100267,Heat_Exchanger,Equipment,771.45,605.43,795.35,639.9,,500,,,,,Centrifugal,,,,,,,,,,Commissioned,Vendor_Epsilon,,6600
CMP-100268,Switchgear,Electrical,461.72,709.08,499.62,731.09,,,,,,,,,IP67,,,,,,,,Connected,Vendor_Zeta,HV_33kV,
CMP-100269,Air_Handler,HVAC,374.35,500.44,393.72,539.85,500,,,,,800x600,,,,None,,Galvanized_Steel,,,,,Installed,Vendor_HVAC_1,,
CMP-100270,Platform,Structural,882.67,260.17,902.27,285.77,,,None,,,,,,,,6.0,,A572_G50,,,UC_254x254,Fabricated,,,
CMP-100271,Column,Structural,519.81,619.42,539.71,654.42,,,None,,,,,,,,6.0,,A572_G50,,,UB_203x133,Inspected,,,
CMP-100272,Platform,Structural,290.03,413.5,319.23,438.46,,,Painted_Epoxy,,,,,,,,3.0,,A36,,,UC_254x254,Erected,,,
CMP-100273,Air_Handler,HVAC,329.73,308.23,353.51,340.22,2500,,,,,400x300,,,,Thermal,,Aluminum,,High,,,Commissioned,Vendor_HVAC_1,,
CMP-100274,Storage_Tank,Equipment,399.63,448.62,424.75,486.3,,250,,,,,,,,,,,,,,,Commissioned,Vendor_Epsilon,,3300
CMP-100275,Platform,Structural,392.59,148.72,408.17,181.91,,,Galvanized,,,,,,,,12.0,,S355,,,UB_203x133,Erected,,,
CMP-100276,Duct,HVAC,43.73,297.91,77.85,314.99,,,,,,400x300,,,,Thermal,,Galvanized_Steel,,Medium,,,Installed,Vendor_HVAC_1,,
CMP-100277,Pipe_Segment,Piping,617.19,622.26,640.32,649.16,,,,,100,,,Oil,,No,,PVC,,,600,,Installed,Vendor_Beta,,
CMP-100278,Damper,HVAC,744.24,329.3,768.38,350.8,1200,,,,,200x200,,,,Thermal,,Aluminum,,Medium,,,Commissioned,Vendor_HVAC_1,,
CMP-100279,Flange,Piping,189.71,637.51,215.64,658.76,,,,,100,,,Gas,,No,,Alloy_Steel,,,300,,Designed,Vendor_Beta,,
CMP-100280,Reducer,Piping,575.96,210.49,606.53,230.18,,,,,,,,Oil,,No,,,,,150,,Procured,,,
CMP-100281,Reducer,Piping,215.47,314.17,250.11,341.63,,,,,100,,,Steam,,Yes,,Carbon_Steel,,,,,Installed,Vendor_Alpha,,
CMP-100282,Valve,Piping,366.32,702.48,387.5,742.34,,,,,100,,,Water,,No,,Carbon_Steel,,,600,,Designed,Vendor_Gamma,,
CMP-100283,Column,Structural,344.38,56.46,376.05,95.79,,,Galvanized,,,,,,,,3.0,,A572_G50,,,UB_203x133,,,,
CMP-100284,Reducer,Piping,639.57,128.49,673.84,149.71,,,,,300,,,Water,,Yes,,PVC,,,-9999,,Procured,Vendor_Gamma,,
CMP-100285,Platform,Structural,679.87,34.95,704.31,68.06,,,Galvanized,,,,,,,,12.0,,A36,,,UC_254x254,Erected,,,
CMP-100286,Switchgear,Electrical,800.9,439.08,837.41,458.09,,,,,,,,,IP65,,,,,,,,Connected,,MV_11kV,
CMP-100287,Diffuser,HVAC,680.29,638.05,710.78,662.15,5000,,,,,600x400,,,,Thermal,,Galvanized_Steel,,High,,,Balanced,Vendor_HVAC_1,,
CMP-100288,Valve,Piping,180.77,41.89,198.45,61.68,,,,,200,,,,,No,,,,,600,,Designed,,,
CMP-100289,Compressor,Equipment,855.56,602.45,882.26,633.42,,500,,,,,Shell_and_Tube,,,,,,,,,,,Vendor_Delta,,6600
CMP-100290,Flange,Piping,90.14,171.13,118.13,188.66,,,,,250,,,Oil,,Yes,,Alloy_Steel,,,600,,Installed,Vendor_Gamma,,
CMP-100291,Cable_Tray,Electrical,170.13,146.28,195.17,169.72,,,,,,,,,IP65,,,,,,,,Energized,Vendor_Theta,HV_33kV,
CMP-100292,Platform,Structural,707.77,321.41,740.92,351.62,,,Painted_Epoxy,,,,,,,,9.0,,A36,,,PFC_200,Erected,,,
CMP-100293,Pipe_Segment,Piping,904.66,437.03,932.6,476.87,,,,,100,,,Steam,,No,,PVC,,,150,,,Vendor_Alpha,,
CMP-100294,Storage_Tank,Equipment,350.37,427.51,371.19,462.79,,100,,,,,,,,,,,,,,,Commissioned,Vendor_Delta,,6600
CMP-100295,Air_Handler,HVAC,53.63,585.84,78.17,620.34,5000,,,,,600x400,,,,None,,Galvanized_Steel,,Low,,,Commissioned,,,
CMP-100296,Duct,HVAC,307.38,415.44,330.55,447.88,500,,,,,800x600,,,,Acoustic,,Galvanized_Steel,,Medium,,,Fabricated,Vendor_HVAC_2,,
CMP-100297,Reducer,Piping,471.64,561.68,489.9,580.05,,,,,250,,,Gas,,Yes,,Alloy_Steel,,,600,,Installed,Vendor_Gamma,,
CMP-100298,Pipe_Segment,Piping,624.57,316.48,648.28,339.5,,,,,100,,,Oil,,No,,Carbon_Steel,,,600,,,Vendor_Alpha,,
CMP-100299,Column,Structural,701.96,616.93,719.77,633.29,,,Galvanized,,,,,,,,,,A36,,,UC_254x254,Erected,,,
CMP-100300,Flange,Piping,208.11,396.6,228.21,424.68,,,,,100,,,Water,,,,Alloy_Steel,,,600,,Designed,Vendor_Gamma,,
CMP-100301,Air_Handler,HVAC,67.78,478.33,82.99,503.05,500,,,,,600x400,,,,None,,Aluminum,,High,,,,Vendor_HVAC_1,,
CMP-100302,Heat_Exchanger,Equipment,470.59,340.59,508.75,356.13,,500,,,,,Shell_and_Tube,,,,,,,,,,,Vendor_Epsilon,,415
CMP-100303,Column,Structural,916.39,705.01,938.29,721.56,,,Painted_Epoxy,,,,,,,,9.0,,A572_G50,,,UB_203x133,Inspected,,,
CMP-100304,Pump,Equipment,676.9,384.5,708.85,421.32,,100,,,,,Reciprocating,,,,,,,,,,Installed,Vendor_Delta,,3300
CMP-100305,Heat_Exchanger,Equipment,542.93,498.83,562.99,517.28,,500,,,,,Shell_and_Tube,,,,,,,,,,Delivered,Vendor_Delta,,415
CMP-100306,Storage_Tank,Equipment,775.57,121.87,791.31,144.84,,250,,,,,Reciprocating,,,,,,,,,,Delivered,,,415
CMP-100307,Air_Handler,HVAC,565.04,448.65,594.95,469.42,,,,,,,,,,Thermal,,Aluminum,,Low,,,Commissioned,Vendor_HVAC_1,,
CMP-100308,Heat_Exchanger,Equipment,223.65,306.01,262.87,344.15,,100,,,,,Centrifugal,,,,,,,,,,Commissioned,Vendor_Epsilon,,415
CMP-100309,Platform,Structural,818.83,319.29,853.24,349.49,,,Painted_Epoxy,,,,,,,,3.0,,S355,,,PFC_200,Fabricated,,,
CMP-100310,Compressor,Equipment,905.45,47.48,930.13,81.61,,500,,,,,Centrifugal,,,,,,,,,,Commissioned,Vendor_Delta,,3300
CMP-100311,Damper,HVAC,437.22,472.27,454.48,499.79,2500,,,,,400x300,,,,Acoustic,,Galvanized_Steel,,Low,,,Installed,Vendor_HVAC_1,,
CMP-100312,Pipe_Segment,Piping,655.6,463.85,672.73,496.53,,,,,200,,,Steam,,No,,Stainless_Steel,,,-9999,,Procured,Vendor_Gamma,,
CMP-100313,Reducer,Piping,297.26,531.11,336.28,553.33,,,,,50,,,Oil,,,,Stainless_Steel,,,300,,Designed,Vendor_Beta,,
CMP-100314,Heat_Exchanger,Equipment,549.98,353.0,575.23,369.99,,250,,,,,Centrifugal,,,,,,,,,,Delivered,,,6600
CMP-100315,Pump,Equipment,607.95,45.7,644.3,77.37,,50,,,,,Reciprocating,,,,,,,,,,Delivered,Vendor_Epsilon,,
CMP-100316,Damper,HVAC,889.66,544.53,913.66,560.43,5000,,,,,600x400,,,,Acoustic,,Galvanized_Steel,,Medium,,,Balanced,Vendor_HVAC_2,,
CMP-100317,Damper,HVAC,646.25,448.44,663.98,481.68,2500,,,,,200x200,,,,None,,Aluminum,,Medium,,,Commissioned,Vendor_HVAC_1,,
CMP-100318,Damper,HVAC,657.73,705.48,672.77,721.08,1200,,,,,200x200,,,,None,,Aluminum,,Medium,,,Installed,Vendor_HVAC_2,,
CMP-100319,Flange,Piping,290.26,405.0,324.44,422.85,,,,,250,,,Oil,,No,,Alloy_Steel,,,150,,Designed,Vendor_Beta,,
CMP-100320,Compressor,Equipment,822.85,395.88,846.23,430.48,,,,,,,Shell_and_Tube,,,,,,,,,,Installed,Vendor_Delta,,6600
CMP-100321,Storage_Tank,Equipment,739.58,641.62,763.42,680.86,,500,,,,,Centrifugal,,,,,,,,,,Commissioned,Vendor_Delta,,415
CMP-100322,Bracing,Structural,658.86,210.05,676.03,246.98,,,Galvanized,,,,,,,,9.0,,A572_G50,,,UC_254x254,Erected,,,
CMP-100323,Duct,HVAC,739.12,653.47,757.97,676.97,1200,,,,,600x400,,,,Acoustic,,Galvanized_Steel,,Low,,,Fabricated,,,
CMP-100324,Pipe_Segment,Piping,319.96,642.43,337.54,676.58,,,,,150,,,Gas,,Yes,,Carbon_Steel,,,150,,Designed,Vendor_Alpha,,
CMP-100325,I_Beam,Structural,33.73,456.06,61.58,476.22,,,Painted_Epoxy,,,,,,,,6.0,,A572_G50,,,PFC_200,Erected,,,
CMP-100326,Diffuser,HVAC,65.65,40.29,103.23,56.55,1200,,,,,200x200,,,,Thermal,,Aluminum,,High,,,Installed,Vendor_HVAC_1,,
CMP-100327,Transformer,Electrical,103.62,581.65,136.08,599.08,,,,,,,,,IP65,,,,,,,,Laid,Vendor_Theta,HV_33kV,
CMP-100328,Platform,Structural,185.02,662.09,208.28,698.61,,,Galvanized,,,,,,,,9.0,,A572_G50,,,,Erected,,,
CMP-100329,Damper,HVAC,477.15,303.98,510.01,321.65,5000,,,,,200x200,,,,Thermal,,Galvanized_Steel,,Medium,,,Balanced,Vendor_HVAC_2,,
CMP-100330,Switchgear,Electrical,510.07,185.31,541.64,202.26,,,,,,,,,IP55,,,,,,,,Connected,Vendor_Zeta,HV_33kV,
CMP-100331,Transformer,Electrical,297.23,304.06,327.19,336.2,,,,,,,,,IP67,,,,,,,,Laid,Vendor_Zeta,MV_11kV,
CMP-100332,Duct,HVAC,701.37,482.62,727.69,504.91,2500,,,,,800x600,,,,Thermal,,Aluminum,,High,,,Fabricated,Vendor_HVAC_2,,
CMP-100333,Storage_Tank,Equipment,76.17,650.75,115.37,665.77,,250,,,,,Reciprocating,,,,,,,,,,Commissioned,Vendor_Epsilon,,415
CMP-100334,Junction_Box,Electrical,411.67,167.85,431.01,186.33,,,,,,,,,IP55,,,,,,,,Energized,Vendor_Zeta,MV_11kV,
CMP-100335,Pipe_Segment,Piping,149.6,639.42,181.05,678.79,,,,,200,,,Oil,,No,,Stainless_Steel,,,600,,Tested,Vendor_Alpha,,
CMP-100336,Compressor,Equipment,564.12,424.56,600.29,445.48,,250,,,,,Reciprocating,,,,,,,,,,,Vendor_Epsilon,,
CMP-100337,Reducer,Piping,885.56,76.04,918.81,104.2,,,,,50,,,Water,,,,PVC,,,600,,Installed,Vendor_Beta,,
CMP-100338,Duct,HVAC,441.98,378.86,468.71,412.21,500,,,,,600x400,,,,,,Aluminum,,High,,,Installed,Vendor_HVAC_2,,
CMP-100339,Duct,HVAC,278.13,77.76,305.77,114.05,2500,,,,,400x300,,,,None,,Galvanized_Steel,,Low,,,Commissioned,Vendor_HVAC_1,,
CMP-100340,Column,Structural,456.43,579.56,492.98,603.13,,,Galvanized,,,,,,,,12.0,,,,,UB_203x133,Inspected,,,
CMP-100341,Heat_Exchanger,Equipment,539.98,609.28,556.34,630.89,,500,,,,,Centrifugal,,,,,,,,,,Delivered,Vendor_Epsilon,,3300
CMP-100342,Switchgear,Electrical,150.63,629.19,165.93,667.37,,,,,,,,,IP67,,,,,,,,Laid,,HV_33kV,
CMP-100343,Air_Handler,HVAC,880.57,322.25,918.52,358.71,2500,,,,,600x400,,,,None,,Galvanized_Steel,,Medium,,,Balanced,Vendor_HVAC_1,,
CMP-100344,I_Beam,Structural,625.52,602.18,640.82,619.62,,,,,,,,,,,6.0,,A572_G50,,,PFC_200,Fabricated,,,
CMP-100345,Damper,HVAC,875.44,466.66,908.14,484.66,1200,,,,,400x300,,,,Acoustic,,Aluminum,,High,,,Balanced,Vendor_HVAC_2,,
CMP-100346,Column,Structural,722.66,214.1,739.22,238.81,,,Galvanized,,,,,,,,3.0,,A572_G50,,,UC_254x254,Fabricated,,,
CMP-100347,Cable_Tray,Electrical,149.49,558.1,169.95,589.18,,,,,,,,,IP55,,,,,,,,,Vendor_Theta,HV_33kV,
CMP-100348,Cable_Tray,Electrical,826.86,124.2,857.87,162.52,,,,,,,,,IP65,,,,,,,,Energized,,MV_11kV,
CMP-100349,Junction_Box,Electrical,412.45,610.83,446.97,645.46,,,,,,,,,IP67,,,,,,,,Connected,Vendor_Theta,LV_415V,
CMP-100350,Bracing,Structural,380.55,462.59,419.52,479.86,,,Galvanized,,,,,,,,9.0,,A572_G50,,,,Erected,,,
CMP-100351,Storage_Tank,Equipment,646.29,647.52,677.06,671.5,,100,,,,,,,,,,,,,,,,Vendor_Delta,,415
CMP-100352,Junction_Box,Electrical,76.69,398.39,99.38,426.74,,,,,,,,,IP55,,,,,,,,,,MV_11kV,
CMP-100353,Reducer,Piping,126.37,584.97,158.05,611.43,,,,,100,,,Oil,,No,,Stainless_Steel,,,150,,Designed,Vendor_Gamma,,
CMP-100354,Pump,Equipment,175.02,54.97,197.7,89.81,,50,,,,,Centrifugal,,,,,,,,,,Delivered,,,415
CMP-100355,Compressor,Equipment,323.61,605.13,357.06,630.18,,100,,,,,Shell_and_Tube,,,,,,,,,,Delivered,Vendor_Delta,,415
CMP-100356,Column,Structural,701.8,137.64,726.05,156.77,,,None,,,,,,,,,,S355,,,,Fabricated,,,
CMP-100357,Reducer,Piping,92.65,25.06,130.8,57.73,,,,,200,,,Oil,,No,,PVC,,,150,,Procured,Vendor_Alpha,,
CMP-100358,Damper,HVAC,665.48,448.43,682.68,484.09,,,,,,800x600,,,,None,,Galvanized_Steel,,Low,,,Commissioned,Vendor_HVAC_1,,
CMP-100359,I_Beam,Structural,194.35,577.63,226.48,616.84,,,Galvanized,,,,,,,,,,A36,,,UB_203x133,Erected,,,
CMP-100360,Diffuser,HVAC,58.99,538.29,97.11,557.69,500,,,,,800x600,,,,None,,Aluminum,,High,,,Balanced,Vendor_HVAC_1,,
CMP-100361,Column,Structural,108.26,536.42,145.01,560.81,,,None,,,,,,,,6.0,,A572_G50,,,UB_203x133,Erected,,,
CMP-100362,Column,Structural,431.97,155.91,455.93,177.65,,,Painted_Epoxy,,,,,,,,3.0,,A36,,,UB_203x133,Erected,,,
CMP-100363,Storage_Tank,Equipment,563.27,572.68,594.22,602.97,,50,,,,,Shell_and_Tube,,,,,,,,,,Delivered,Vendor_Epsilon,,6600
CMP-100364,I_Beam,Structural,677.02,535.33,698.19,558.51,,,Galvanized,,,,,,,,12.0,,S355,,,PFC_200,Inspected,,,
CMP-100365,Duct,HVAC,403.13,296.02,438.37,328.44,500,,,,,,,,,Acoustic,,Aluminum,,Low,,,Installed,Vendor_HVAC_1,,
CMP-100366,Reducer,Piping,622.13,133.26,648.61,162.52,,,,,100,,,Water,,No,,Alloy_Steel,,,300,,Designed,Vendor_Gamma,,
CMP-100367,I_Beam,Structural,286.93,547.02,319.38,577.33,,,Galvanized,,,,,,,,9.0,,A36,,,UB_203x133,Inspected,,,
CMP-100368,I_Beam,Structural,119.87,275.91,150.35,300.05,,,Painted_Epoxy,,,,,,,,6.0,,S355,,,PFC_200,Fabricated,,,
CMP-100369,Transformer,Electrical,697.86,552.62,720.87,590.07,,,,,,,,,IP55,,,,,,,,Connected,Vendor_Zeta,MV_11kV,
CMP-100370,Switchgear,Electrical,426.78,277.7,458.61,310.03,,,,,,,,,IP65,,,,,,,,,Vendor_Zeta,LV_415V,
CMP-100371,I_Beam,Structural,118.43,213.16,150.86,240.57,,,Painted_Epoxy,,,,,,,,6.0,,S355,,,UB_203x133,Inspected,,,
CMP-100372,Flange,Piping,190.15,35.43,225.2,71.3,,,,,150,,,Steam,,No,,PVC,,,300,,Installed,Vendor_Beta,,
CMP-100373,Compressor,Equipment,354.71,221.7,390.85,240.41,,100,,,,,Centrifugal,,,,,,,,,,Delivered,Vendor_Delta,,3300
CMP-100374,Heat_Exchanger,Equipment,125.23,715.64,154.59,741.66,,50,,,,,Centrifugal,,,,,,,,,,Commissioned,Vendor_Delta,,3300
CMP-100375,Air_Handler,HVAC,129.34,37.45,167.62,71.66,2500,,,,,600x400,,,,None,,Aluminum,,Medium,,,Commissioned,Vendor_HVAC_1,,
CMP-100376,Cable_Tray,Electrical,145.48,405.67,168.18,430.71,,,,,,,,,IP65,,,,,,,,,Vendor_Zeta,MV_11kV,
CMP-100377,Column,Structural,40.29,396.89,66.43,428.68,,,Painted_Epoxy,,,,,,,,3.0,,,,,UB_203x133,Inspected,,,
CMP-100378,Switchgear,Electrical,367.5,28.53,391.12,51.23,,,,,,,,,,,,,,,,,Connected,Vendor_Theta,HV_33kV,
CMP-100379,Switchgear,Electrical,167.41,529.6,204.85,562.82,,,,,,,,,IP55,,,,,,,,Connected,Vendor_Theta,HV_33kV,
CMP-100380,Reducer,Piping,99.6,306.62,137.46,331.98,,,,,200,,,Gas,,,,Stainless_Steel,,,300,,Tested,Vendor_Alpha,,
CMP-100381,Storage_Tank,Equipment,290.15,468.39,321.06,486.49,,500,,,,,Reciprocating,,,,,,,,,,Ordered,Vendor_Epsilon,,6600
CMP-100382,Flange,Piping,542.96,415.9,579.67,446.6,,,,,300,,,Oil,,Yes,,Carbon_Steel,,,300,,Procured,Vendor_Alpha,,
CMP-100383,Bracing,Structural,397.56,658.47,421.46,680.72,,,Galvanized,,,,,,,,3.0,,A36,,,PFC_200,Erected,,,
CMP-100384,Bracing,Structural,636.9,501.84,654.3,531.34,,,Galvanized,,,,,,,,12.0,,A36,,,UC_254x254,Fabricated,,,
CMP-100385,Damper,HVAC,768.42,576.57,797.39,608.81,500,,,,,200x200,,,,None,,Aluminum,,Low,,,Commissioned,Vendor_HVAC_2,,
CMP-100386,Storage_Tank,Equipment,45.88,590.2,66.44,626.62,,100,,,,,Centrifugal,,,,,,,,,,Ordered,,,415
CMP-100387,Junction_Box,Electrical,58.27,95.47,93.1,123.31,,,,,,,,,IP65,,,,,,,,,Vendor_Zeta,,
CMP-100388,Pipe_Segment,Piping,848.09,163.78,885.62,183.4,,,,,300,,,Steam,,Yes,,Carbon_Steel,,,600,,Designed,,,
CMP-100389,Duct,HVAC,495.95,521.07,535.06,540.36,500,,,,,200x200,,,,None,,Aluminum,,High,,,Fabricated,Vendor_HVAC_2,,
CMP-100390,Junction_Box,Electrical,212.85,179.29,230.67,218.91,,,,,,,,,IP65,,,,,,,,Energized,Vendor_Zeta,LV_415V,
CMP-100391,Flange,Piping,464.34,289.35,490.76,322.75,,,,,200,,,Oil,,Yes,,Alloy_Steel,,,300,,Installed,Vendor_Gamma,,
CMP-100392,Cable_Tray,Electrical,376.73,385.86,408.64,403.84,,,,,,,,,IP55,,,,,,,,Laid,,HV_33kV,
CMP-100393,Storage_Tank,Equipment,200.24,610.82,225.35,631.64,,250,,,,,Reciprocating,,,,,,,,,,Installed,Vendor_Epsilon,,6600
CMP-100394,Switchgear,Electrical,152.64,338.24,170.69,365.47,,,,,,,,,,,,,,,,,Laid,Vendor_Zeta,LV_415V,
CMP-100395,Compressor,Equipment,564.13,248.87,586.7,279.45,,500,,,,,Shell_and_Tube,,,,,,,,,,Commissioned,Vendor_Epsilon,,415
CMP-100396,Air_Handler,HVAC,748.53,398.37,763.97,432.47,2500,,,,,200x200,,,,None,,Galvanized_Steel,,Medium,,,Balanced,Vendor_HVAC_1,,
CMP-100397,Junction_Box,Electrical,141.04,521.01,168.23,538.74,,,,,,,,,IP67,,,,,,,,Connected,Vendor_Zeta,HV_33kV,
CMP-100398,Duct,HVAC,372.25,366.28,411.52,396.7,500,,,,,600x400,,,,None,,Aluminum,,Low,,,,Vendor_HVAC_2,,
CMP-100399,Cable_Tray,Electrical,405.33,714.36,430.63,730.77,,,,,,,,,IP67,,,,,,,,,Vendor_Theta,LV_415V,
CMP-100400,Flange,Piping,172.8,396.89,188.73,428.33,,,,,300,,,Gas,,No,,Alloy_Steel,,,150,,Tested,Vendor_Gamma,,
CMP-100401,Storage_Tank,Equipment,467.06,588.02,498.74,607.19,,50,,,,,Reciprocating,,,,,,,,,,Installed,,,6600
CMP-100402,Diffuser,HVAC,744.14,457.2,783.09,490.14,5000,,,,,600x400,,,,Thermal,,Aluminum,,Medium,,,Balanced,Vendor_HVAC_2,,
CMP-100403,Platform,Structural,624.4,403.29,661.42,433.99,,,None,,,,,,,,12.0,,A36,,,UB_203x133,Inspected,,,
CMP-100404,Cable_Tray,Electrical,490.04,274.99,508.73,293.75,,,,,,,,,IP65,,,,,,,,Laid,Vendor_Theta,MV_11kV,
CMP-100405,Bracing,Structural,601.44,199.51,631.47,224.66,,,None,,,,,,,,9.0,,A36,,,,Erected,,,
CMP-100406,Valve,Piping,163.42,115.5,184.88,150.59,,,,,50,,,Water,,Yes,,Stainless_Steel,,,300,,Installed,Vendor_Beta,,
CMP-100407,I_Beam,Structural,377.21,607.87,413.28,628.77,,,Galvanized,,,,,,,,9.0,,S355,,,PFC_200,Fabricated,,,
CMP-100408,Bracing,Structural,769.1,536.07,804.25,569.67,,,Painted_Epoxy,,,,,,,,9.0,,A36,,,UB_203x133,Fabricated,,,
CMP-100409,Switchgear,Electrical,649.66,99.07,678.3,125.94,,,,,,,,,IP55,,,,,,,,Energized,Vendor_Theta,MV_11kV,
CMP-100410,Pipe_Segment,Piping,777.33,483.56,815.85,515.83,,,,,200,,,Steam,,Yes,,Stainless_Steel,,,600,,Tested,,,
CMP-100411,Switchgear,Electrical,290.8,675.43,324.72,697.87,,,,,,,,,IP67,,,,,,,,Energized,Vendor_Zeta,LV_415V,
CMP-100412,I_Beam,Structural,760.88,678.35,787.66,703.67,,,Painted_Epoxy,,,,,,,,9.0,,S355,,,UB_203x133,Inspected,,,
CMP-100413,Air_Handler,HVAC,427.94,39.15,444.24,70.19,,,,,,400x300,,,,Acoustic,,Galvanized_Steel,,Medium,,,Installed,Vendor_HVAC_2,,
CMP-100414,Platform,Structural,450.53,534.62,472.05,566.81,,,None,,,,,,,,12.0,,A572_G50,,,UC_254x254,Fabricated,,,
CMP-100415,Damper,HVAC,836.16,701.89,856.12,734.42,2500,,,,,800x600,,,,,,Galvanized_Steel,,Medium,,,Commissioned,Vendor_HVAC_2,,
CMP-100416,Valve,Piping,662.21,153.38,698.76,187.93,,,,,200,,,Steam,,No,,Alloy_Steel,,,600,,Tested,Vendor_Alpha,,
CMP-100417,Bracing,Structural,231.94,335.68,253.15,365.25,,,Painted_Epoxy,,,,,,,,9.0,,A36,,,,Inspected,,,
CMP-100418,Junction_Box,Electrical,682.49,199.36,699.87,215.83,,,,,,,,,IP65,,,,,,,,Energized,Vendor_Zeta,LV_415V,
CMP-100419,Flange,Piping,474.09,286.66,513.53,318.44,,,,,150,,,Gas,,No,,Carbon_Steel,,,300,,Tested,Vendor_Alpha,,
CMP-100420,I_Beam,Structural,900.66,369.45,939.99,391.48,,,Painted_Epoxy,,,,,,,,9.0,,A572_G50,,,UC_254x254,Erected,,,
CMP-100421,Transformer,Electrical,520.11,666.0,551.03,692.0,,,,,,,,,IP55,,,,,,,,Laid,Vendor_Theta,LV_415V,
CMP-100422,Reducer,Piping,56.71,269.56,89.44,296.69,,,,,50,,,Gas,,Yes,,Stainless_Steel,,,300,,Procured,Vendor_Alpha,,
CMP-100423,Damper,HVAC,394.78,73.78,428.99,105.7,500,,,,,200x200,,,,Acoustic,,Galvanized_Steel,,High,,,,Vendor_HVAC_2,,
CMP-100424,Switchgear,Electrical,554.78,24.06,594.02,55.46,,,,,,,,,IP67,,,,,,,,Energized,Vendor_Zeta,MV_11kV,
CMP-100425,Bracing,Structural,738.33,540.66,767.01,570.72,,,,,,,,,,,12.0,,,,,UB_203x133,Fabricated,,,
CMP-100426,Junction_Box,Electrical,276.44,546.79,307.79,564.81,,,,,,,,,IP65,,,,,,,,Energized,Vendor_Zeta,MV_11kV,
CMP-100427,Column,Structural,460.66,639.79,487.57,668.87,,,,,,,,,,,12.0,,A572_G50,,,PFC_200,Erected,,,
CMP-100428,Heat_Exchanger,Equipment,857.6,389.1,888.78,406.2,,500,,,,,Centrifugal,,,,,,,,,,Installed,Vendor_Epsilon,,415
CMP-100429,I_Beam,Structural,515.89,662.11,543.73,689.88,,,Galvanized,,,,,,,,9.0,,A572_G50,,,PFC_200,Fabricated,,,
CMP-100430,Reducer,Piping,181.6,147.55,206.42,164.63,,,,,300,,,Steam,,No,,PVC,,,600,,Designed,Vendor_Gamma,,
CMP-100431,I_Beam,Structural,410.42,32.54,435.29,47.87,,,None,,,,,,,,12.0,,A572_G50,,,PFC_200,Inspected,,,
CMP-100432,Switchgear,Electrical,98.87,114.58,118.64,149.98,,,,,,,,,IP55,,,,,,,,Laid,Vendor_Theta,LV_415V,
CMP-100433,Damper,HVAC,97.48,558.8,116.18,584.35,5000,,,,,400x300,,,,Acoustic,,,,Medium,,,Commissioned,,,
CMP-100434,Pipe_Segment,Piping,587.37,519.16,626.86,555.38,,,,,,,,Water,,No,,PVC,,,600,,Tested,Vendor_Gamma,,
CMP-100435,Flange,Piping,823.59,312.0,850.42,339.37,,,,,200,,,Oil,,Yes,,PVC,,,-9999,,Procured,Vendor_Gamma,,
CMP-100436,Platform,Structural,138.04,225.38,170.82,264.38,,,Painted_Epoxy,,,,,,,,6.0,,S355,,,UC_254x254,Fabricated,,,
CMP-100437,Transformer,Electrical,175.96,129.42,203.26,164.26,,,,,,,,,IP55,,,,,,,,Laid,Vendor_Theta,MV_11kV,
CMP-100438,Column,Structural,177.24,621.62,204.83,656.79,,,Painted_Epoxy,,,,,,,,12.0,,A36,,,UB_203x133,Fabricated,,,
CMP-100439,Air_Handler,HVAC,826.69,617.39,863.53,647.5,5000,,,,,200x200,,,,Acoustic,,Galvanized_Steel,,Low,,,Installed,Vendor_HVAC_1,,
CMP-100440,Column,Structural,675.51,515.71,709.56,543.17,,,Painted_Epoxy,,,,,,,,3.0,,A36,,,UC_254x254,Fabricated,,,
CMP-100441,Compressor,Equipment,327.19,373.52,344.32,397.83,,100,,,,,Reciprocating,,,,,,,,,,Delivered,Vendor_Epsilon,,6600
CMP-100442,Junction_Box,Electrical,828.26,686.29,856.16,718.34,,,,,,,,,IP55,,,,,,,,Energized,Vendor_Zeta,MV_11kV,
CMP-100443,Bracing,Structural,381.49,560.66,407.34,585.49,,,None,,,,,,,,3.0,,,,,UB_203x133,Inspected,,,
CMP-100444,Platform,Structural,381.8,496.61,410.64,519.22,,,Painted_Epoxy,,,,,,,,6.0,,A572_G50,,,,Inspected,,,
CMP-100445,Diffuser,HVAC,647.72,641.37,682.26,666.48,,,,,,600x400,,,,None,,Galvanized_Steel,,Medium,,,Fabricated,Vendor_HVAC_2,,
CMP-100446,Air_Handler,HVAC,701.34,132.02,717.04,166.93,2500,,,,,400x300,,,,Thermal,,Galvanized_Steel,,High,,,Balanced,Vendor_HVAC_1,,
CMP-100447,Switchgear,Electrical,535.19,23.65,558.66,44.55,,,,,,,,,IP67,,,,,,,,Energized,Vendor_Theta,HV_33kV,
CMP-100448,Column,Structural,662.92,383.77,684.11,406.97,,,,,,,,,,,12.0,,A572_G50,,,UB_203x133,,,,
CMP-100449,Compressor,Equipment,213.31,74.65,245.23,99.72,,500,,,,,Reciprocating,,,,,,,,,,Commissioned,Vendor_Epsilon,,3300
CMP-100450,Heat_Exchanger,Equipment,475.21,359.34,501.65,398.54,,100,,,,,Shell_and_Tube,,,,,,,,,,Installed,Vendor_Delta,,415
CMP-100451,Diffuser,HVAC,119.3,278.71,141.54,306.78,2500,,,,,600x400,,,,Thermal,,Galvanized_Steel,,Low,,,,Vendor_HVAC_2,,
CMP-100452,Heat_Exchanger,Equipment,757.21,362.16,775.27,385.88,,250,,,,,Reciprocating,,,,,,,,,,Commissioned,Vendor_Delta,,3300
CMP-100453,Compressor,Equipment,705.51,487.05,724.23,520.25,,500,,,,,,,,,,,,,,,Ordered,Vendor_Epsilon,,3300
CMP-100454,I_Beam,Structural,799.36,515.05,828.66,549.95,,,None,,,,,,,,6.0,,S355,,,PFC_200,Fabricated,,,
CMP-100455,Damper,HVAC,695.5,371.85,710.97,403.31,1200,,,,,200x200,,,,,,Aluminum,,High,,,Balanced,Vendor_HVAC_1,,
CMP-100456,Cable_Tray,Electrical,325.96,146.36,341.56,174.56,,,,,,,,,IP55,,,,,,,,Connected,Vendor_Theta,LV_415V,
CMP-100457,Valve,Piping,296.11,305.09,315.34,335.45,,,,,150,,,Water,,No,,Carbon_Steel,,,300,,,Vendor_Gamma,,
CMP-100458,Damper,HVAC,463.68,546.67,488.31,564.55,5000,,,,,,,,,Acoustic,,,,,,,Fabricated,Vendor_HVAC_1,,
CMP-100459,Platform,Structural,421.38,612.39,448.89,646.96,,,None,,,,,,,,12.0,,S355,,,UB_203x133,Fabricated,,,
CMP-100460,Switchgear,Electrical,607.75,137.17,624.25,175.22,,,,,,,,,IP65,,,,,,,,Energized,Vendor_Theta,MV_11kV,
CMP-100461,Valve,Piping,685.26,414.16,707.78,439.04,,,,,150,,,Gas,,No,,Stainless_Steel,,,150,,Tested,Vendor_Gamma,,
CMP-100462,Bracing,Structural,209.56,691.29,232.77,729.14,,,None,,,,,,,,6.0,,A36,,,UB_203x133,Erected,,,
CMP-100463,Duct,HVAC,728.57,474.37,745.51,490.14,2500,,,,,800x600,,,,None,,Aluminum,,Medium,,,Fabricated,Vendor_HVAC_1,,
CMP-100464,Cable_Tray,Electrical,219.37,33.85,241.4,71.88,,,,,,,,,IP67,,,,,,,,Energized,Vendor_Theta,LV_415V,
CMP-100465,I_Beam,Structural,272.68,653.16,305.35,673.39,,,Galvanized,,,,,,,,12.0,,S355,,,UC_254x254,Inspected,,,
CMP-100466,Damper,HVAC,78.82,109.77,95.45,131.26,2500,,,,,400x300,,,,None,,,,High,,,Balanced,Vendor_HVAC_2,,
CMP-100467,Reducer,Piping,596.87,680.15,613.17,718.62,,,,,300,,,Steam,,Yes,,Alloy_Steel,,,300,,,Vendor_Gamma,,
CMP-100468,Switchgear,Electrical,24.64,156.23,41.69,185.53,,,,,,,,,IP67,,,,,,,,Laid,Vendor_Zeta,,
CMP-100469,Storage_Tank,Equipment,299.73,458.2,317.15,485.2,,250,,,,,Shell_and_Tube,,,,,,,,,,Delivered,Vendor_Delta,,415
CMP-100470,Column,Structural,869.19,563.02,899.68,597.12,,,None,,,,,,,,12.0,,S355,,,UB_203x133,,,,
CMP-100471,Pump,Equipment,847.2,329.34,869.74,359.99,,50,,,,,,,,,,,,,,,Commissioned,Vendor_Delta,,3300
CMP-100472,Junction_Box,Electrical,437.79,319.67,468.3,337.2,,,,,,,,,IP65,,,,,,,,Energized,Vendor_Zeta,HV_33kV,
CMP-100473,Pipe_Segment,Piping,553.6,608.55,591.21,626.7,,,,,300,,,,,Yes,,PVC,,,150,,Tested,Vendor_Gamma,,
CMP-100474,Bracing,Structural,545.3,398.8,563.94,425.54,,,,,,,,,,,6.0,,A572_G50,,,UB_203x133,Inspected,,,
CMP-100475,Reducer,Piping,329.43,703.56,360.44,723.59,,,,,200,,,Gas,,No,,,,,300,,Tested,Vendor_Alpha,,
CMP-100476,Cable_Tray,Electrical,466.34,663.97,497.31,696.3,,,,,,,,,IP67,,,,,,,,Connected,Vendor_Theta,LV_415V,
CMP-100477,Compressor,Equipment,185.82,712.91,209.89,729.75,,250,,,,,,,,,,,,,,,Installed,,,6600
CMP-100478,Valve,Piping,198.04,141.9,235.17,174.87,,,,,50,,,Steam,,Yes,,Stainless_Steel,,,300,,Designed,Vendor_Alpha,,
CMP-100479,Platform,Structural,236.13,586.64,267.65,625.17,,,Galvanized,,,,,,,,,,S355,,,PFC_200,Fabricated,,,
CMP-100480,Diffuser,HVAC,644.92,242.57,670.66,273.47,2500,,,,,400x300,,,,None,,Aluminum,,Medium,,,Commissioned,Vendor_HVAC_1,,
CMP-100481,Cable_Tray,Electrical,170.69,291.68,207.75,325.46,,,,,,,,,IP65,,,,,,,,Energized,Vendor_Theta,HV_33kV,
CMP-100482,Switchgear,Electrical,543.07,466.67,577.84,497.91,,,,,,,,,IP55,,,,,,,,Connected,Vendor_Theta,LV_415V,
CMP-100483,Damper,HVAC,861.95,281.88,890.71,300.24,2500,,,,,,,,,Thermal,,Aluminum,,Low,,,Balanced,Vendor_HVAC_2,,
CMP-100484,Platform,Structural,42.25,329.18,63.89,346.08,,,Galvanized,,,,,,,,3.0,,A572_G50,,,PFC_200,,,,
CMP-100485,Flange,Piping,54.45,160.21,74.37,183.44,,,,,250,,,,,No,,PVC,,,600,,Installed,Vendor_Beta,,
CMP-100486,Cable_Tray,Electrical,444.8,378.85,478.83,397.58,,,,,,,,,IP55,,,,,,,,Energized,Vendor_Theta,LV_415V,
CMP-100487,Switchgear,Electrical,732.72,239.15,752.42,273.4,,,,,,,,,IP67,,,,,,,,,Vendor_Zeta,LV_415V,
CMP-100488,I_Beam,Structural,469.82,481.19,493.69,501.83,,,None,,,,,,,,9.0,,A572_G50,,,PFC_200,Fabricated,,,
CMP-100489,Storage_Tank,Equipment,531.37,579.4,569.21,608.75,,500,,,,,Reciprocating,,,,,,,,,,Commissioned,Vendor_Epsilon,,
CMP-100490,I_Beam,Structural,174.28,492.42,193.72,528.08,,,Galvanized,,,,,,,,12.0,,A36,,,UB_203x133,Inspected,,,
CMP-100491,Reducer,Piping,71.71,382.97,91.01,419.46,,,,,100,,,Steam,,No,,Stainless_Steel,,,300,,Procured,Vendor_Gamma,,
CMP-100492,Transformer,Electrical,563.34,677.41,593.03,704.97,,,,,,,,,IP55,,,,,,,,Connected,Vendor_Zeta,MV_11kV,
CMP-100493,Air_Handler,HVAC,839.27,635.47,865.78,664.87,5000,,,,,600x400,,,,Acoustic,,Aluminum,,High,,,Installed,Vendor_HVAC_2,,
CMP-100494,Junction_Box,Electrical,839.75,148.41,868.97,173.25,,,,C:/Synthetic/Temp/Config_4.dat,,,,,IP55,,,,,,,,Energized,Vendor_Zeta,LV_415V,
CMP-100495,Compressor,Equipment,390.15,553.3,408.18,577.52,,250,,,,,Shell_and_Tube,,,,,,,,,,Ordered,Vendor_Delta,,415
CMP-100496,Junction_Box,Electrical,329.29,299.54,349.15,315.48,,,,,,,,,IP65,,,,,,,,Connected,Vendor_Zeta,HV_33kV,
CMP-100497,Valve,Piping,662.22,326.41,688.99,348.39,,,,,100,,,,,Yes,,Carbon_Steel,,,600,,Installed,Vendor_Beta,,
CMP-100498,Heat_Exchanger,Equipment,662.97,644.88,691.28,670.93,,50,,,,,,,,,,,,,,,Ordered,,,3300
CMP-100499,Transformer,Electrical,855.94,282.25,876.9,299.53,,,,,,,,,IP55,,,,,,,,Laid,Vendor_Zeta,LV_415V,
CMP-100500,Heat_Exchanger,Equipment,59.61,378.75,95.0,401.82,,500,,,,,Shell_and_Tube,,,,,,,,,,Ordered,Vendor_Delta,,415
CMP-100501,Reducer,Piping,608.59,28.39,628.91,48.89,,,,,150,,,Oil,,No,,PVC,,,-9999,,Designed,Vendor_Gamma,,
CMP-100502,Storage_Tank,Equipment,883.13,439.91,922.67,472.32,,100,,,,,Shell_and_Tube,,,,,,,,,,Commissioned,,,6600
CMP-100503,Reducer,Piping,364.13,468.41,384.94,498.1,,,,,,,,Water,,No,,Stainless_Steel,,,150,,,Vendor_Beta,,
CMP-100504,Heat_Exchanger,Equipment,358.17,469.43,379.12,502.56,,250,,,,,Reciprocating,,,,,,,,,,Ordered,Vendor_Epsilon,,3300
CMP-100505,I_Beam,Structural,226.11,533.01,249.68,553.16,,,Painted_Epoxy,,,,,,,,6.0,,,,,UB_203x133,Fabricated,,,
CMP-100506,Cable_Tray,Electrical,78.16,364.15,117.0,380.45,,,,,,,,,IP55,,,,,,,,Laid,Vendor_Zeta,LV_415V,
CMP-100507,Junction_Box,Electrical,300.32,525.17,321.44,544.58,,,,,,,,,IP67,,,,,,,,Connected,,MV_11kV,
CMP-100508,Platform,Structural,359.95,349.5,385.52,379.73,,,Galvanized,,,,,,,,,,A36,,,UC_254x254,Erected,,,
CMP-100509,Damper,HVAC,517.57,142.99,542.08,165.64,,,,,,800x600,,,,,,Galvanized_Steel,,Medium,,,Balanced,Vendor_HVAC_2,,
CMP-100510,Switchgear,Electrical,365.63,235.47,405.32,252.25,,,,,,,,,IP67,,,,,,,,Connected,Vendor_Theta,LV_415V,
CMP-100511,Diffuser,HVAC,591.48,277.73,607.92,302.36,500,,,,,400x300,,,,None,,Galvanized_Steel,,Medium,,,Commissioned,Vendor_HVAC_1,,
CMP-100512,Column,Structural,561.93,686.24,597.97,701.55,,,Galvanized,,,,,,,,3.0,,S355,,,UC_254x254,Fabricated,,,
CMP-100513,Switchgear,Electrical,642.65,370.45,670.98,407.62,,,,,,,,,IP67,,,,,,,,Laid,Vendor_Theta,HV_33kV,
CMP-100514,Storage_Tank,Equipment,693.86,671.01,718.81,693.71,,,,,,,Reciprocating,,,,,,,,,,Commissioned,Vendor_Epsilon,,
CMP-100515,Heat_Exchanger,Equipment,357.19,512.83,377.14,532.38,,100,,,,,Reciprocating,,,,,,,,,,Delivered,Vendor_Epsilon,,415
CMP-100516,Cable_Tray,Electrical,801.53,136.29,823.86,160.73,,,,,,,,,,,,,,,,,Connected,Vendor_Zeta,MV_11kV,
CMP-100517,Pipe_Segment,Piping,259.47,688.65,291.1,723.38,,,,,50,,,Oil,,No,,,,,600,,Tested,Vendor_Gamma,,
CMP-100518,Bracing,Structural,755.16,678.69,786.79,703.15,,,None,,,,,,,,3.0,,,,,UC_254x254,Fabricated,,,
CMP-100519,Pipe_Segment,Piping,802.1,215.63,834.58,251.01,,,,,300,,,,,No,,Alloy_Steel,,,600,,Designed,Vendor_Gamma,,
CMP-100520,Platform,Structural,230.2,359.18,263.68,394.03,,,Galvanized,,,,,,,,12.0,,A572_G50,,,PFC_200,Inspected,,,
CMP-100521,Duct,HVAC,135.08,577.77,157.61,609.6,5000,,,,,800x600,,,,Acoustic,,Galvanized_Steel,,Medium,,,Fabricated,Vendor_HVAC_1,,
CMP-100522,Storage_Tank,Equipment,832.38,556.42,852.89,577.86,,100,,,,,Shell_and_Tube,,,,,,,,,,Ordered,Vendor_Epsilon,,6600
CMP-100523,Pump,Equipment,599.59,283.91,632.53,317.31,,500,,,,,Shell_and_Tube,,,,,,,,,,Installed,,,415
CMP-100524,Flange,Piping,686.52,676.05,720.14,693.95,,,,,250,,,Oil,,,,PVC,,,300,,Installed,Vendor_Gamma,,
CMP-100525,Heat_Exchanger,Equipment,115.93,26.43,152.24,49.33,,500,,,,,Reciprocating,,,,,,,,,,Delivered,Vendor_Delta,,415
CMP-100526,Air_Handler,HVAC,298.0,713.23,316.09,753.15,1200,,,,,800x600,,,,Thermal,,Galvanized_Steel,,High,,,Installed,Vendor_HVAC_1,,
CMP-100527,Valve,Piping,791.1,529.18,813.58,564.56,,,,,250,,,Oil,,No,,Stainless_Steel,,,300,,,Vendor_Beta,,
CMP-100528,Compressor,Equipment,107.59,246.39,142.37,283.04,,250,,,,,,,,,,,,,,,Commissioned,Vendor_Epsilon,,415
CMP-100529,Heat_Exchanger,Equipment,216.32,543.87,249.7,559.1,,100,,,,,Shell_and_Tube,,,,,,,,,,Delivered,Vendor_Delta,,3300
CMP-100530,Platform,Structural,181.67,56.73,221.18,87.98,,,Painted_Epoxy,,,,,,,,3.0,,A36,,,UC_254x254,Inspected,,,
CMP-100531,Compressor,Equipment,718.26,713.81,750.03,731.05,,500,,,,,Shell_and_Tube,,,,,,,,,,Ordered,Vendor_Delta,,415
CMP-100532,Reducer,Piping,266.35,541.75,301.21,561.28,,,,,100,,,Steam,,,,Alloy_Steel,,,-9999,,Designed,Vendor_Gamma,,
CMP-100533,Diffuser,HVAC,77.54,606.0,106.01,641.47,500,,,,,400x300,,,,Thermal,,Galvanized_Steel,,High,,,Installed,Vendor_HVAC_1,,
CMP-100534,Flange,Piping,786.31,44.5,825.81,72.15,,,,,300,,,Oil,,No,,Stainless_Steel,,,,,Tested,Vendor_Gamma,,
CMP-100535,Column,Structural,639.14,483.83,655.26,499.75,,,None,,,,,,,,9.0,,A36,,,PFC_200,Fabricated,,,
CMP-100536,Air_Handler,HVAC,254.61,474.84,273.69,501.24,1200,,,,,800x600,,,,None,,Aluminum,,Low,,,Balanced,Vendor_HVAC_1,,
CMP-100537,Transformer,Electrical,304.72,571.45,329.19,610.55,,,,,,,,,IP55,,,,,,,,Connected,,MV_11kV,
CMP-100538,Flange,Piping,838.32,564.65,856.98,599.6,,,,,100,,,Gas,,Yes,,Carbon_Steel,,,150,,Tested,,,
CMP-100539,Bracing,Structural,516.39,445.23,553.8,464.5,,,Galvanized,,,,,,,,12.0,,A572_G50,,,PFC_200,Inspected,,,
CMP-100540,Damper,HVAC,611.81,119.87,641.0,141.55,1200,,,,,600x400,,,,Thermal,,Galvanized_Steel,,Medium,,,Balanced,Vendor_HVAC_2,,
CMP-100541,Damper,HVAC,294.67,620.55,333.36,645.71,500,,,,,200x200,,,,,,Galvanized_Steel,,Low,,,Commissioned,Vendor_HVAC_1,,
CMP-100542,Transformer,Electrical,451.69,380.51,491.64,417.71,,,,,,,,,,,,,,,,,Energized,,MV_11kV,
CMP-100543,Switchgear,Electrical,239.8,537.29,278.57,572.87,,,,,,,,,IP55,,,,,,,,Laid,Vendor_Zeta,HV_33kV,
CMP-100544,Pump,Equipment,350.35,113.32,374.18,129.59,,50,,,,,Centrifugal,,,,,,,,,,Ordered,Vendor_Epsilon,,6600
CMP-100545,Bracing,Structural,211.76,536.62,240.98,557.06,,,,,,,,,,,12.0,,S355,,,UB_203x133,,,,
CMP-100546,Switchgear,Electrical,288.52,95.01,312.26,128.07,,,,,,,,,IP65,,,,,,,,Energized,Vendor_Zeta,LV_415V,
CMP-100547,Cable_Tray,Electrical,841.8,24.84,876.04,46.09,,,,,,,,,IP65,,,,,,,,Energized,Vendor_Zeta,MV_11kV,
CMP-100548,Junction_Box,Electrical,165.65,267.62,191.5,291.6,,,,C:/Synthetic/Temp/Config_3.dat,,,,,IP65,,,,,,,,,Vendor_Theta,LV_415V,
CMP-100549,Valve,Piping,619.58,683.86,658.57,723.43,,,,,300,,,Oil,,No,,Alloy_Steel,,,300,,Designed,Vendor_Alpha,,
CMP-100550,Storage_Tank,Equipment,470.0,557.17,490.91,589.13,,500,,,,,Shell_and_Tube,,,,,,,,,,Commissioned,Vendor_Delta,,3300
CMP-100551,Damper,HVAC,244.52,556.71,281.12,596.57,500,,,,,800x600,,,,None,,Galvanized_Steel,,High,,,Installed,Vendor_HVAC_1,,
CMP-100552,Cable_Tray,Electrical,266.48,154.52,285.14,169.96,,,,,,,,,IP67,,,,,,,,Energized,Vendor_Zeta,LV_415V,
CMP-100553,Platform,Structural,451.28,376.9,482.38,399.51,,,Galvanized,,,,,,,,9.0,,A572_G50,,,PFC_200,,,,
CMP-100554,Flange,Piping,210.78,350.44,248.49,367.96,,,,,150,,,Steam,,,,Alloy_Steel,,,600,,Installed,Vendor_Gamma,,
CMP-100555,Air_Handler,HVAC,234.43,213.16,264.04,230.34,,,,,,200x200,,,,Acoustic,,Galvanized_Steel,,High,,,,Vendor_HVAC_2,,
CMP-100556,Platform,Structural,910.68,161.4,943.7,177.5,,,None,,,,,,,,9.0,,S355,,,PFC_200,Erected,,,
CMP-100557,Reducer,Piping,397.1,671.93,424.7,687.48,,,,,250,,,Oil,,Yes,,Stainless_Steel,,,,,Designed,Vendor_Gamma,,
CMP-100558,Junction_Box,Electrical,380.76,210.05,400.36,229.05,,,,,,,,,,,,,,,,,Energized,Vendor_Theta,HV_33kV,
CMP-100559,Column,Structural,286.73,207.96,304.71,228.56,,,Painted_Epoxy,,,,,,,,9.0,,A572_G50,,,,Fabricated,,,
CMP-100560,Heat_Exchanger,Equipment,501.14,20.98,524.83,51.11,,250,,,,,Centrifugal,,,,,,,,,,Installed,Vendor_Delta,,3300
CMP-100561,Flange,Piping,217.35,695.66,236.77,734.95,,,,,300,,,Steam,,Yes,,Carbon_Steel,,,600,,Procured,Vendor_Beta,,
CMP-100562,Compressor,Equipment,228.55,528.4,252.77,565.95,,100,,,,,,,,,,,,,,,Commissioned,Vendor_Delta,,415
CMP-100563,I_Beam,Structural,299.14,639.68,334.58,671.86,,,None,,,,,,,,12.0,,A36,,,,Fabricated,,,
CMP-100564,Duct,HVAC,360.09,34.5,395.75,68.59,500,,,,,200x200,,,,Acoustic,,Galvanized_Steel,,High,,,Balanced,Vendor_HVAC_1,,
CMP-100565,Heat_Exchanger,Equipment,452.38,414.0,478.49,433.08,,250,,,,,Centrifugal,,,,,,,,,,,,,415
CMP-100566,Air_Handler,HVAC,112.31,640.52,137.69,655.55,1200,,,,,400x300,,,,None,,Aluminum,,Medium,,,Fabricated,Vendor_HVAC_1,,
CMP-100567,Pump,Equipment,880.82,217.27,897.73,240.61,,100,,,,,Centrifugal,,,,,,,,,,Delivered,Vendor_Delta,,6600
CMP-100568,Bracing,Structural,333.55,92.75,371.46,124.29,,,Galvanized,,,,,,,,6.0,,S355,,,UB_203x133,Erected,,,
CMP-100569,Junction_Box,Electrical,753.18,99.21,778.87,132.38,,,,,,,,,IP55,,,,,,,,Connected,Vendor_Theta,MV_11kV,
CMP-100570,Junction_Box,Electrical,561.57,465.62,580.03,504.22,,,,,,,,,IP65,,,,,,,,Connected,Vendor_Zeta,MV_11kV,
CMP-100571,Cable_Tray,Electrical,542.87,315.29,572.32,347.63,,,,,,,,,,,,,,,,,Laid,Vendor_Zeta,HV_33kV,
CMP-100572,Platform,Structural,881.85,664.63,898.34,688.36,,,Galvanized,,,,,,,,12.0,,A36,,,UB_203x133,,,,
CMP-100573,Pump,Equipment,885.85,512.77,910.29,528.43,,,,,,,Reciprocating,,,,,,,,,,,Vendor_Delta,,6600
CMP-100574,Valve,Piping,348.72,75.3,365.65,104.53,,,,,200,,,Gas,,No,,Stainless_Steel,,,600,,Designed,Vendor_Alpha,,
CMP-100575,Pipe_Segment,Piping,563.76,141.51,582.77,166.42,,,,,150,,,Steam,,Yes,,Alloy_Steel,,,600,,Designed,Vendor_Alpha,,
CMP-100576,Compressor,Equipment,577.14,173.23,596.73,206.88,,500,,,,,Centrifugal,,,,,,,,,,Commissioned,Vendor_Epsilon,,6600
CMP-100577,Transformer,Electrical,262.93,93.08,287.0,127.55,,,,,,,,,IP67,,,,,,,,Laid,Vendor_Theta,LV_415V,
CMP-100578,Heat_Exchanger,Equipment,594.55,42.66,616.28,82.08,,500,,,,,Shell_and_Tube,,,,,,,,,,Installed,,,
CMP-100579,Bracing,Structural,882.87,370.15,905.73,394.92,,,Galvanized,,,,,,,,3.0,,A36,,,UB_203x133,,,,
CMP-100580,Junction_Box,Electrical,547.72,616.42,569.97,635.21,,,,,,,,,,,,,,,,,Laid,Vendor_Zeta,HV_33kV,
CMP-100581,Storage_Tank,Equipment,422.73,111.84,445.0,142.43,,500,,,,,Centrifugal,,,,,,,,,,Delivered,Vendor_Epsilon,,6600
CMP-100582,Pipe_Segment,Piping,148.36,629.32,177.04,668.54,,,,,200,,,Gas,,No,,Carbon_Steel,,,300,,,Vendor_Beta,,
CMP-100583,Platform,Structural,900.64,554.2,926.69,592.3,,,None,,,,,,,,12.0,,S355,,,UC_254x254,Fabricated,,,
CMP-100584,Switchgear,Electrical,481.23,457.24,504.07,474.33,,,,,,,,,IP67,,,,,,,,,Vendor_Zeta,MV_11kV,
CMP-100585,Pump,Equipment,159.11,93.71,183.51,122.96,,500,,,,,Centrifugal,,,,,,,,,,Commissioned,Vendor_Delta,,3300
CMP-100586,Reducer,Piping,711.39,159.63,734.61,182.56,,,,C:/Synthetic/Temp/Config_5.dat,300,,,Steam,,Yes,,Alloy_Steel,,,300,,Installed,Vendor_Gamma,,
CMP-100587,Cable_Tray,Electrical,862.81,273.04,888.56,299.88,,,,,,,,,IP67,,,,,,,,Connected,Vendor_Zeta,,
CMP-100588,Pump,Equipment,266.51,77.2,303.35,103.49,,250,,,,,Centrifugal,,,,,,,,,,,Vendor_Epsilon,,415
CMP-100589,Column,Structural,198.74,679.36,225.78,707.75,,,None,,,,,,,,3.0,,S355,,,PFC_200,Inspected,,,
CMP-100590,Damper,HVAC,311.36,710.46,349.83,744.03,,,,,,600x400,,,,None,,Aluminum,,Low,,,Fabricated,Vendor_HVAC_1,,
CMP-100591,Cable_Tray,Electrical,52.84,542.0,72.53,574.41,,,,,,,,,IP65,,,,,,,,Laid,Vendor_Zeta,HV_33kV,
CMP-100592,Bracing,Structural,34.57,647.66,62.12,684.35,,,Painted_Epoxy,,,,,,,,9.0,,S355,,,UC_254x254,Erected,,,
CMP-100593,Valve,Piping,432.94,281.19,461.76,300.26,,,,,300,,,Water,,Yes,,PVC,,,600,,,,,
CMP-100594,Cable_Tray,Electrical,466.76,546.21,504.94,563.7,,,,,,,,,IP67,,,,,,,,Connected,Vendor_Theta,HV_33kV,
CMP-100595,Diffuser,HVAC,123.05,619.44,161.81,643.21,5000,,,,,800x600,,,,Thermal,,Galvanized_Steel,,,,,Balanced,Vendor_HVAC_2,,
CMP-100596,Pump,Equipment,830.17,310.19,845.56,329.02,,250,,,,,Shell_and_Tube,,,,,,,,,,Delivered,Vendor_Epsilon,,6600
CMP-100597,Compressor,Equipment,765.69,580.93,795.14,599.15,,250,,,,,Shell_and_Tube,,,,,,,,,,Delivered,Vendor_Epsilon,,3300
CMP-100598,Column,Structural,873.83,162.63,891.16,188.57,,,Galvanized,,,,,,,,3.0,,S355,,,PFC_200,Fabricated,,,
CMP-100599,Switchgear,Electrical,187.9,476.77,208.44,496.62,,,,,,,,,IP65,,,,,,,,Energized,,HV_33kV,
CMP-100600,Valve,Piping,584.69,466.87,614.17,484.46,,,,,150,,,Gas,,,,Carbon_Steel,,,150,,Procured,Vendor_Beta,,
CMP-100601,Reducer,Piping,86.22,691.45,103.13,723.63,,,,,200,,,Water,,Yes,,PVC,,,150,,Installed,Vendor_Beta,,
CMP-100602,Duct,HVAC,162.55,539.19,200.71,559.01,,,,,,,,,,Acoustic,,Aluminum,,Low,,,,Vendor_HVAC_1,,
CMP-100603,Storage_Tank,Equipment,266.3,159.47,283.6,192.17,,500,,,,,Reciprocating,,,,,,,,,,Installed,Vendor_Epsilon,,3300
CMP-100604,Cable_Tray,Electrical,545.28,556.51,568.07,591.36,,,,,,,,,IP65,,,,,,,,Energized,Vendor_Theta,MV_11kV,
CMP-100605,Duct,HVAC,566.57,320.52,595.75,344.87,500,,,,,200x200,,,,None,,Aluminum,,Medium,,,Balanced,Vendor_HVAC_1,,
CMP-100606,Storage_Tank,Equipment,406.45,150.14,427.58,170.52,,50,,,,,Centrifugal,,,,,,,,,,Installed,Vendor_Epsilon,,
CMP-100607,Pump,Equipment,367.03,441.26,395.21,458.83,,50,,,,,Shell_and_Tube,,,,,,,,,,Commissioned,Vendor_Epsilon,,6600
CMP-100608,Heat_Exchanger,Equipment,64.69,365.75,80.86,387.61,,250,,,,,Reciprocating,,,,,,,,,,Installed,,,415
CMP-100609,Duct,HVAC,840.48,219.06,876.52,244.13,500,,,,,200x200,,,,None,,,,,,,Balanced,Vendor_HVAC_2,,
CMP-100610,Flange,Piping,464.44,52.95,486.9,92.55,,,,,250,,,,,,,Carbon_Steel,,,150,,Installed,Vendor_Gamma,,
CMP-100611,Transformer,Electrical,173.17,153.81,210.73,178.03,,,,,,,,,IP55,,,,,,,,Laid,Vendor_Theta,LV_415V,
CMP-100612,Flange,Piping,316.4,448.93,351.71,470.68,,,,,50,,,Water,,No,,Stainless_Steel,,,150,,Procured,Vendor_Gamma,,
CMP-100613,Switchgear,Electrical,309.72,531.61,330.37,553.21,,,,,,,,,IP55,,,,,,,,Energized,Vendor_Zeta,LV_415V,
CMP-100614,Reducer,Piping,74.24,29.19,94.64,64.65,,,,,250,,,Steam,,No,,Carbon_Steel,,,600,,Designed,Vendor_Alpha,,
CMP-100615,Platform,Structural,897.56,627.5,925.4,662.0,,,Galvanized,,,,,,,,3.0,,A572_G50,,,PFC_200,Fabricated,,,
CMP-100616,Reducer,Piping,188.33,40.01,219.88,66.33,,,,,100,,,,,No,,Carbon_Steel,,,600,,Designed,,,
CMP-100617,Junction_Box,Electrical,194.54,152.61,213.96,174.51,,,,C:/Synthetic/Temp/Config_2.dat,,,,,IP67,,,,,,,,,Vendor_Zeta,HV_33kV,
CMP-100618,Pump,Equipment,67.82,44.98,89.47,61.63,,500,,,,,Centrifugal,,,,,,,,,,Installed,Vendor_Delta,,415
CMP-100619,Storage_Tank,Equipment,593.21,514.1,615.41,529.18,,250,,,,,Shell_and_Tube,,,,,,,,,,Installed,Vendor_Delta,,6600
CMP-100620,Storage_Tank,Equipment,829.88,119.28,845.2,146.15,,50,,,,,Centrifugal,,,,,,,,,,Commissioned,Vendor_Epsilon,,415
CMP-100621,Compressor,Equipment,118.45,593.25,147.63,633.01,,100,,,,,Shell_and_Tube,,,,,,,,,,Installed,Vendor_Epsilon,,415
CMP-100622,Air_Handler,HVAC,617.07,197.48,643.54,233.17,5000,,,,,600x400,,,,Thermal,,Galvanized_Steel,,High,,,Installed,Vendor_HVAC_1,,
CMP-100623,Compressor,Equipment,343.48,541.06,363.33,579.93,,500,,,,,Reciprocating,,,,,,,,,,Installed,Vendor_Epsilon,,6600
CMP-100624,Diffuser,HVAC,870.74,213.37,890.5,242.86,5000,,,,,200x200,,,,None,,Galvanized_Steel,,Medium,,,Installed,Vendor_HVAC_2,,
CMP-100625,Damper,HVAC,293.28,221.78,328.27,237.17,500,,,,,,,,,Acoustic,,Aluminum,,,,,,Vendor_HVAC_2,,
CMP-100626,Damper,HVAC,878.32,519.24,896.89,552.57,500,,,,,200x200,,,,Acoustic,,Aluminum,,Medium,,,Balanced,Vendor_HVAC_1,,
CMP-100627,Diffuser,HVAC,631.03,245.74,660.48,277.82,1200,,,,,400x300,,,,Thermal,,Aluminum,,Low,,,Commissioned,,,
CMP-100628,Diffuser,HVAC,644.72,372.67,676.85,396.61,5000,,,,,800x600,,,,Acoustic,,,,High,,,Balanced,Vendor_HVAC_2,,
CMP-100629,Storage_Tank,Equipment,68.18,611.58,86.33,643.33,,50,,,,,Shell_and_Tube,,,,,,,,,,Ordered,Vendor_Delta,,
CMP-100630,Platform,Structural,641.53,625.02,659.57,654.64,,,Painted_Epoxy,,,,,,,,6.0,,S355,,,,Inspected,,,
CMP-100631,Storage_Tank,Equipment,585.42,523.4,623.83,558.54,,50,,C:/Synthetic/Temp/Config_7.dat,,,Centrifugal,,,,,,,,,,Delivered,Vendor_Epsilon,,415
CMP-100632,Reducer,Piping,371.64,668.23,394.14,695.32,,,,,250,,,Water,,Yes,,Stainless_Steel,,,600,,Procured,Vendor_Gamma,,
CMP-100633,Damper,HVAC,448.54,223.03,480.23,262.01,500,,,,,600x400,,,,None,,Aluminum,,Medium,,,Balanced,,,
CMP-100634,Diffuser,HVAC,58.37,654.94,97.44,681.64,,,,,,600x400,,,,None,,Galvanized_Steel,,High,,,Fabricated,Vendor_HVAC_1,,
CMP-100635,Bracing,Structural,433.53,621.06,452.03,655.68,,,Painted_Epoxy,,,,,,,,12.0,,A572_G50,,,,Fabricated,,,
CMP-100636,Air_Handler,HVAC,136.48,246.85,175.36,270.55,,,,,,800x600,,,,,,Galvanized_Steel,,,,,Commissioned,Vendor_HVAC_1,,
CMP-100637,Pump,Equipment,829.81,141.8,867.12,175.7,,,,,,,Centrifugal,,,,,,,,,,Ordered,Vendor_Epsilon,,415
CMP-100638,Duct,HVAC,851.2,244.81,883.67,269.25,5000,,,,,400x300,,,,None,,Galvanized_Steel,,Medium,,,Installed,,,
CMP-100639,Pipe_Segment,Piping,203.19,587.01,240.52,611.0,,,,,300,,,Steam,,No,,Carbon_Steel,,,600,,Tested,Vendor_Beta,,
CMP-100640,Damper,HVAC,741.44,327.21,772.08,364.06,2500,,,,,400x300,,,,,,Aluminum,,Medium,,,Balanced,Vendor_HVAC_2,,
CMP-100641,Switchgear,Electrical,81.16,630.03,120.36,646.9,,,,,,,,,IP67,,,,,,,,Energized,,HV_33kV,
CMP-100642,Reducer,Piping,863.23,709.45,894.56,725.26,,,,,50,,,Water,,No,,Stainless_Steel,,,600,,Designed,Vendor_Gamma,,
CMP-100643,Duct,HVAC,331.26,69.53,356.67,103.01,2500,,,,,800x600,,,,None,,,,Low,,,Commissioned,Vendor_HVAC_1,,
CMP-100644,Pipe_Segment,Piping,43.72,567.28,63.62,597.48,,,,,50,,,Steam,,No,,Carbon_Steel,,,300,,Designed,Vendor_Beta,,
CMP-100645,Column,Structural,328.81,662.65,349.76,679.95,,,Galvanized,,,,,,,,3.0,,,,,PFC_200,Fabricated,,,
CMP-100646,Valve,Piping,414.7,217.82,437.55,247.88,,,,,200,,,Steam,,Yes,,PVC,,,150,,Installed,Vendor_Alpha,,
CMP-100647,Switchgear,Electrical,867.28,566.15,889.6,597.49,,,,,,,,,IP67,,,,,,,,Laid,Vendor_Theta,MV_11kV,
CMP-100648,Diffuser,HVAC,271.81,162.49,290.24,201.89,1200,,,,,400x300,,,,Thermal,,Aluminum,,,,,Fabricated,Vendor_HVAC_1,,
CMP-100649,Bracing,Structural,549.42,230.29,588.55,246.78,,,Painted_Epoxy,,,,,,,,3.0,,A572_G50,,,UC_254x254,Erected,,,
CMP-100650,Duct,HVAC,614.36,41.91,648.43,80.34,2500,,,,,600x400,,,,None,,Galvanized_Steel,,High,,,Commissioned,Vendor_HVAC_1,,
CMP-100651,Reducer,Piping,877.23,672.73,899.42,712.5,,,,,250,,,Steam,,No,,Alloy_Steel,,,300,,Designed,Vendor_Gamma,,
CMP-100652,I_Beam,Structural,918.93,559.94,941.33,589.22,,,None,,,,,,,,3.0,,,,,UC_254x254,Erected,,,
CMP-100653,Compressor,Equipment,436.45,327.94,463.11,367.09,,50,,,,,Shell_and_Tube,,,,,,,,,,Installed,Vendor_Epsilon,,415
CMP-100654,Storage_Tank,Equipment,709.38,213.3,746.11,231.48,,50,,,,,Centrifugal,,,,,,,,,,,Vendor_Epsilon,,6600
CMP-100655,Air_Handler,HVAC,57.76,522.15,74.28,555.01,,,,,,600x400,,,,Thermal,,Galvanized_Steel,,Medium,,,Commissioned,Vendor_HVAC_1,,
CMP-100656,Heat_Exchanger,Equipment,313.21,279.95,348.78,305.35,,250,,,,,Reciprocating,,,,,,,,,,Commissioned,Vendor_Epsilon,,3300
CMP-100657,Switchgear,Electrical,579.72,132.22,595.84,170.48,,,,,,,,,IP55,,,,,,,,Energized,Vendor_Theta,LV_415V,
CMP-100658,Compressor,Equipment,767.65,42.82,800.81,67.35,,100,,,,,Centrifugal,,,,,,,,,,Commissioned,Vendor_Delta,,6600
CMP-100659,Duct,HVAC,566.39,481.44,594.4,504.36,2500,,,,,600x400,,,,Acoustic,,Aluminum,,Medium,,,Commissioned,Vendor_HVAC_2,,
CMP-100660,I_Beam,Structural,336.79,373.95,374.66,405.28,,,Galvanized,,,,,,,,6.0,,A572_G50,,,UB_203x133,Erected,,,
CMP-100661,Damper,HVAC,564.99,577.1,588.53,595.05,1200,,,,,400x300,,,,Thermal,,,,Medium,,,Commissioned,Vendor_HVAC_1,,
CMP-100662,Reducer,Piping,41.54,136.85,58.37,164.72,,,,,150,,,Gas,,No,,Alloy_Steel,,,600,,Designed,Vendor_Alpha,,
CMP-100663,Flange,Piping,874.93,657.47,905.7,690.99,,,,,300,,,Water,,Yes,,Alloy_Steel,,,600,,Installed,Vendor_Beta,,
CMP-100664,Switchgear,Electrical,414.73,376.07,444.43,414.69,,,,,,,,,IP65,,,,,,,,,Vendor_Theta,,
CMP-100665,Bracing,Structural,365.66,550.11,404.5,566.16,,,,,,,,,,,9.0,,S355,,,PFC_200,Fabricated,,,
CMP-100666,Bracing,Structural,457.97,176.54,477.2,215.02,,,,,,,,,,,6.0,,S355,,,UB_203x133,Inspected,,,
CMP-100667,Pump,Equipment,558.55,47.82,595.82,76.27,,50,,,,,Reciprocating,,,,,,,,,,Commissioned,Vendor_Delta,,3300
CMP-100668,Switchgear,Electrical,846.2,521.38,884.18,539.38,,,,,,,,,IP55,,,,,,,,Energized,Vendor_Theta,MV_11kV,
CMP-100669,Valve,Piping,674.63,248.98,702.31,270.88,,,,,150,,,Water,,No,,Carbon_Steel,,,150,,Designed,Vendor_Gamma,,
CMP-100670,Transformer,Electrical,626.01,205.7,644.8,241.05,,,,,,,,,IP67,,,,,,,,Energized,Vendor_Zeta,MV_11kV,
CMP-100671,Reducer,Piping,80.54,410.42,100.75,429.87,,,,,300,,,Steam,,Yes,,PVC,,,600,,Tested,Vendor_Gamma,,
CMP-100672,Switchgear,Electrical,509.07,226.79,529.54,265.86,,,,,,,,,IP65,,,,,,,,Energized,Vendor_Zeta,MV_11kV,
CMP-100673,Switchgear,Electrical,614.55,263.31,639.5,281.51,,,,,,,,,IP67,,,,,,,,Connected,Vendor_Zeta,MV_11kV,
CMP-100674,Cable_Tray,Electrical,526.03,246.23,557.9,271.51,,,,,,,,,IP55,,,,,,,,Energized,Vendor_Zeta,MV_11kV,
CMP-100675,Platform,Structural,388.83,420.75,407.99,440.91,,,Galvanized,,,,,,,,3.0,,S355,,,UB_203x133,Fabricated,,,
CMP-100676,Bracing,Structural,710.16,407.03,741.53,435.0,,,Galvanized,,,,,,,,6.0,,A36,,,PFC_200,Erected,,,
CMP-100677,Transformer,Electrical,517.66,194.09,533.0,230.23,,,,,,,,,IP65,,,,,,,,Laid,Vendor_Theta,HV_33kV,
CMP-100678,Valve,Piping,588.4,501.65,604.24,535.4,,,,,100,,,,,Yes,,Alloy_Steel,,,300,,Tested,,,
CMP-100679,Damper,HVAC,106.0,431.74,130.78,467.53,500,,,,,600x400,,,,None,,Aluminum,,Medium,,,Balanced,Vendor_HVAC_1,,
CMP-100680,Switchgear,Electrical,455.01,655.37,483.34,676.49,,,,,,,,,IP65,,,,,,,,Energized,Vendor_Theta,,
CMP-100681,Pump,Equipment,377.61,182.48,401.86,211.56,,50,,,,,Reciprocating,,,,,,,,,,Commissioned,Vendor_Delta,,
CMP-100682,Compressor,Equipment,574.84,351.46,607.92,380.63,,250,,,,,Reciprocating,,,,,,,,,,,Vendor_Epsilon,,415
CMP-100683,Flange,Piping,641.36,548.53,676.23,577.17,,,,,300,,,Oil,,Yes,,Stainless_Steel,,,600,,Tested,Vendor_Alpha,,
CMP-100684,Pump,Equipment,169.58,326.32,208.88,342.3,,500,,,,,Centrifugal,,,,,,,,,,Ordered,Vendor_Epsilon,,6600
CMP-100685,Bracing,Structural,490.23,450.57,514.52,481.83,,,Painted_Epoxy,,,,,,,,9.0,,S355,,,PFC_200,Fabricated,,,
CMP-100686,Column,Structural,167.81,520.56,194.66,543.5,,,Galvanized,,,,,,,,9.0,,A572_G50,,,,Inspected,,,
CMP-100687,Switchgear,Electrical,105.24,457.48,135.1,474.15,,,,,,,,,IP55,,,,,,,,Connected,Vendor_Theta,LV_415V,
CMP-100688,Air_Handler,HVAC,350.55,556.89,388.91,585.92,,,,,,400x300,,,,Acoustic,,Galvanized_Steel,,High,,,Commissioned,Vendor_HVAC_2,,
CMP-100689,Diffuser,HVAC,208.38,21.87,229.18,42.28,5000,,,,,400x300,,,,Acoustic,,,,Medium,,,Commissioned,Vendor_HVAC_2,,
CMP-100690,Bracing,Structural,470.34,102.11,499.34,126.54,,,Galvanized,,,,,,,,3.0,,A572_G50,,,PFC_200,Inspected,,,
CMP-100691,Column,Structural,775.89,412.34,803.14,447.06,,,Painted_Epoxy,,,,,,,,3.0,,S355,,,PFC_200,Erected,,,
CMP-100692,Transformer,Electrical,575.28,633.41,613.3,653.18,,,,,,,,,IP55,,,,,,,,Energized,Vendor_Theta,HV_33kV,
CMP-100693,I_Beam,Structural,839.94,661.06,867.51,676.38,,,Galvanized,,,,,,,,9.0,,S355,,,UC_254x254,Fabricated,,,
CMP-100694,Junction_Box,Electrical,461.27,351.41,498.14,385.17,,,,,,,,,IP67,,,,,,,,Laid,Vendor_Zeta,LV_415V,
CMP-100695,Pump,Equipment,397.62,612.06,414.02,643.0,,,,,,,,,,,,,,,,,Ordered,Vendor_Epsilon,,415
CMP-100696,Storage_Tank,Equipment,484.71,678.38,509.79,714.32,,100,,,,,Centrifugal,,,,,,,,,,Ordered,Vendor_Delta,,415
CMP-100697,Diffuser,HVAC,175.67,542.78,211.62,557.86,5000,,,,,600x400,,,,Acoustic,,,,High,,,Fabricated,Vendor_HVAC_1,,
CMP-100698,Storage_Tank,Equipment,552.03,696.04,586.2,730.76,,100,,,,,Reciprocating,,,,,,,,,,Delivered,Vendor_Delta,,6600
CMP-100699,I_Beam,Structural,361.38,220.95,383.35,250.08,,,Painted_Epoxy,,,,,,,,9.0,,A36,,,UB_203x133,Erected,,,
CMP-100700,Bracing,Structural,333.97,469.28,360.21,500.06,,,Painted_Epoxy,,,,,,,,6.0,,A36,,,PFC_200,Inspected,,,
CMP-100701,Column,Structural,327.96,697.94,356.75,731.52,,,,,,,,,,,9.0,,S355,,,UC_254x254,Inspected,,,
CMP-100702,Compressor,Equipment,145.83,430.77,170.14,455.22,,50,,,,,Centrifugal,,,,,,,,,,Commissioned,Vendor_Delta,,415
CMP-100703,Storage_Tank,Equipment,295.65,346.79,315.3,362.33,,500,,,,,Reciprocating,,,,,,,,,,Installed,Vendor_Epsilon,,3300
CMP-100704,Junction_Box,Electrical,290.16,699.54,327.1,733.62,,,,,,,,,IP65,,,,,,,,Energized,Vendor_Zeta,HV_33kV,
CMP-100705,Heat_Exchanger,Equipment,850.12,640.62,889.25,679.19,,100,,,,,Shell_and_Tube,,,,,,,,,,Installed,Vendor_Delta,,415
CMP-100706,Platform,Structural,376.39,342.41,407.86,362.42,,,None,,,,,,,,6.0,,A572_G50,,,,Inspected,,,
CMP-100707,Air_Handler,HVAC,24.45,131.53,41.95,160.28,5000,,,,,400x300,,,,Thermal,,Galvanized_Steel,,High,,,Installed,Vendor_HVAC_2,,
CMP-100708,Platform,Structural,557.24,393.88,580.91,425.63,,,Painted_Epoxy,,,,,,,,6.0,,A36,,,PFC_200,Fabricated,,,
CMP-100709,Diffuser,HVAC,843.13,471.9,861.58,491.6,,,,,,800x600,,,,None,,Aluminum,,Low,,,Fabricated,Vendor_HVAC_2,,
CMP-100710,Heat_Exchanger,Equipment,378.39,382.14,396.05,417.3,,500,,,,,Shell_and_Tube,,,,,,,,,,Delivered,Vendor_Epsilon,,415
CMP-100711,Cable_Tray,Electrical,457.53,691.94,482.57,726.22,,,,,,,,,IP55,,,,,,,,Connected,Vendor_Theta,MV_11kV,
CMP-100712,Bracing,Structural,120.5,145.19,146.1,179.18,,,None,,,,,,,,9.0,,A36,,,UC_254x254,Erected,,,
CMP-100713,Cable_Tray,Electrical,438.29,47.89,474.99,74.4,,,,,,,,,IP65,,,,,,,,Connected,Vendor_Zeta,,
CMP-100714,Air_Handler,HVAC,180.86,269.82,196.3,292.94,500,,,,,200x200,,,,Acoustic,,Galvanized_Steel,,Medium,,,Commissioned,Vendor_HVAC_2,,
CMP-100715,Platform,Structural,640.09,190.87,675.73,226.74,,,Galvanized,,,,,,,,,,S355,,,UB_203x133,Inspected,,,
CMP-100716,Reducer,Piping,481.37,527.78,504.81,558.7,,,,,,,,Oil,,Yes,,Alloy_Steel,,,300,,Procured,Vendor_Beta,,
CMP-100717,Damper,HVAC,644.83,54.18,674.16,74.56,1200,,,,,600x400,,,,Acoustic,,,,High,,,Balanced,,,
CMP-100718,Pump,Equipment,723.85,480.05,745.72,506.61,,100,,,,,Shell_and_Tube,,,,,,,,,,Ordered,Vendor_Epsilon,,6600
CMP-100719,Diffuser,HVAC,591.3,250.13,616.03,288.38,2500,,,,,,,,,None,,Aluminum,,Low,,,Commissioned,Vendor_HVAC_1,,
CMP-100720,Duct,HVAC,588.25,412.93,611.88,433.12,2500,,,,,600x400,,,,Acoustic,,,,Medium,,,Commissioned,Vendor_HVAC_1,,
CMP-100721,Platform,Structural,910.71,282.7,939.15,307.16,,,Galvanized,,,,,,,,3.0,,A36,,,,Inspected,,,
CMP-100722,Junction_Box,Electrical,336.82,172.43,374.33,194.4,,,,,,,,,IP67,,,,,,,,Energized,Vendor_Theta,HV_33kV,
CMP-100723,Compressor,Equipment,465.35,344.74,501.0,370.98,,50,,,,,Centrifugal,,,,,,,,,,Delivered,Vendor_Delta,,3300
CMP-100724,Junction_Box,Electrical,896.82,307.21,927.73,337.68,,,,,,,,,IP55,,,,,,,,Energized,Vendor_Zeta,HV_33kV,
CMP-100725,Column,Structural,169.81,457.85,201.92,496.65,,,Galvanized,C:/Synthetic/Temp/Config_1.dat,,,,,,,6.0,,,,,PFC_200,Inspected,,,
CMP-100726,Heat_Exchanger,Equipment,444.95,518.95,464.94,537.27,,,,,,,,,,,,,,,,,Commissioned,Vendor_Delta,,3300
CMP-100727,Cable_Tray,Electrical,743.32,606.51,780.12,644.23,,,,,,,,,IP55,,,,,,,,Energized,Vendor_Theta,HV_33kV,
CMP-100728,Cable_Tray,Electrical,724.74,690.3,761.82,718.73,,,,,,,,,IP67,,,,,,,,Connected,Vendor_Zeta,HV_33kV,
CMP-100729,Platform,Structural,765.48,527.61,781.48,552.6,,,Painted_Epoxy,,,,,,,,3.0,,S355,,,UC_254x254,Inspected,,,
CMP-100730,Valve,Piping,349.82,479.58,368.37,500.66,,,,,,,,Gas,,No,,PVC,,,150,,Tested,Vendor_Beta,,
CMP-100731,Bracing,Structural,554.99,552.93,573.69,575.14,,,Painted_Epoxy,,,,,,,,6.0,,A572_G50,,,PFC_200,Erected,,,
CMP-100732,Column,Structural,689.36,506.56,708.02,528.87,,,Painted_Epoxy,,,,,,,,6.0,,S355,,,UB_203x133,Inspected,,,
CMP-100733,Diffuser,HVAC,449.28,650.0,488.59,681.1,5000,,,,,600x400,,,,Thermal,,Aluminum,,Medium,,,,Vendor_HVAC_2,,
CMP-100734,Storage_Tank,Equipment,205.79,125.06,236.01,158.28,,500,,,,,Centrifugal,,,,,,,,,,Delivered,Vendor_Epsilon,,6600
CMP-100735,Reducer,Piping,583.76,686.42,611.45,708.21,,,,,50,,,Steam,,No,,Carbon_Steel,,,600,,Procured,Vendor_Gamma,,
CMP-100736,Transformer,Electrical,56.21,446.4,85.01,463.68,,,,,,,,,IP55,,,,,,,,Laid,Vendor_Zeta,LV_415V,
CMP-100737,Diffuser,HVAC,437.84,395.85,472.38,418.82,5000,,,,,400x300,,,,Thermal,,Galvanized_Steel,,,,,Commissioned,Vendor_HVAC_1,,
CMP-100738,Transformer,Electrical,550.04,464.45,583.93,504.26,,,,,,,,,IP65,,,,,,,,Connected,Vendor_Theta,MV_11kV,
CMP-100739,Bracing,Structural,800.53,194.32,822.41,223.35,,,None,,,,,,,,9.0,,A572_G50,,,UB_203x133,Fabricated,,,
CMP-100740,Pump,Equipment,704.39,491.08,721.75,527.63,,100,,,,,Shell_and_Tube,,,,,,,,,,Delivered,Vendor_Epsilon,,415
CMP-100741,Platform,Structural,112.63,230.04,142.87,259.32,,,Galvanized,,,,,,,,6.0,,A36,,,UC_254x254,Inspected,,,
CMP-100742,Junction_Box,Electrical,721.78,208.57,760.1,235.37,,,,,,,,,IP65,,,,,,,,Connected,Vendor_Theta,MV_11kV,
CMP-100743,Switchgear,Electrical,402.77,295.48,428.2,329.54,,,,,,,,,IP55,,,,,,,,Connected,,MV_11kV,
CMP-100744,Heat_Exchanger,Equipment,615.85,199.15,651.66,214.74,,100,,,,,Reciprocating,,,,,,,,,,Installed,Vendor_Delta,,6600
CMP-100745,Storage_Tank,Equipment,670.56,679.05,700.38,717.85,,500,,,,,Shell_and_Tube,,,,,,,,,,Ordered,Vendor_Epsilon,,6600
CMP-100746,Bracing,Structural,414.31,218.96,441.11,255.98,,,None,,,,,,,,6.0,,,,,PFC_200,Fabricated,,,
CMP-100747,Duct,HVAC,414.44,249.49,443.1,281.01,1200,,,,,600x400,,,,Thermal,,Aluminum,,Low,,,Commissioned,Vendor_HVAC_1,,
CMP-100748,Storage_Tank,Equipment,441.49,342.56,464.82,374.5,,50,,,,,Reciprocating,,,,,,,,,,Commissioned,Vendor_Delta,,6600
CMP-100749,Duct,HVAC,841.68,378.58,857.09,404.51,2500,,,,,,,,,None,,Aluminum,,Medium,,,,,,
CMP-100750,Duct,HVAC,498.59,579.01,534.75,596.2,5000,,,,,400x300,,,,Acoustic,,Galvanized_Steel,,Medium,,,Balanced,Vendor_HVAC_2,,
CMP-100751,Reducer,Piping,537.26,24.45,572.97,39.92,,,,,100,,,Gas,,Yes,,Alloy_Steel,,,300,,Procured,Vendor_Alpha,,
CMP-100752,Storage_Tank,Equipment,183.43,38.36,213.48,74.48,,50,,,,,Shell_and_Tube,,,,,,,,,,Delivered,Vendor_Delta,,3300
CMP-100753,Switchgear,Electrical,229.68,663.91,263.99,679.59,,,,,,,,,IP65,,,,,,,,,Vendor_Zeta,MV_11kV,
CMP-100754,Cable_Tray,Electrical,422.13,299.42,442.27,323.93,,,,,,,,,IP67,,,,,,,,Energized,Vendor_Zeta,LV_415V,
CMP-100755,Pump,Equipment,866.63,538.45,890.59,578.33,,250,,,,,Centrifugal,,,,,,,,,,Commissioned,,,6600
CMP-100756,Junction_Box,Electrical,380.28,620.25,404.15,658.89,,,,,,,,,IP67,,,,,,,,Energized,,MV_11kV,
CMP-100757,Junction_Box,Electrical,34.27,694.96,67.51,732.39,,,,,,,,,IP55,,,,,,,,Laid,Vendor_Zeta,,
CMP-100758,Cable_Tray,Electrical,75.06,581.67,111.72,613.19,,,,,,,,,IP65,,,,,,,,Energized,Vendor_Zeta,MV_11kV,
CMP-100759,I_Beam,Structural,727.9,40.99,748.0,66.08,,,,,,,,,,,9.0,,A572_G50,,,UB_203x133,Inspected,,,
CMP-100760,Compressor,Equipment,61.85,283.93,91.81,312.06,,100,,,,,Centrifugal,,,,,,,,,,Ordered,Vendor_Epsilon,,
CMP-100761,Junction_Box,Electrical,140.96,442.29,171.88,465.08,,,,,,,,,IP67,,,,,,,,Energized,Vendor_Zeta,MV_11kV,
CMP-100762,Junction_Box,Electrical,693.85,616.38,713.76,636.86,,,,,,,,,IP55,,,,,,,,Energized,Vendor_Zeta,LV_415V,
CMP-100763,Heat_Exchanger,Equipment,245.6,531.02,268.13,563.78,,250,,,,,Shell_and_Tube,,,,,,,,,,Installed,Vendor_Delta,,415
CMP-100764,Cable_Tray,Electrical,734.78,705.67,750.14,736.54,,,,C:/Synthetic/Temp/Config_8.dat,,,,,IP65,,,,,,,,,Vendor_Theta,LV_415V,
CMP-100765,Compressor,Equipment,426.89,170.39,457.42,199.04,,250,,,,,Reciprocating,,,,,,,,,,Commissioned,Vendor_Epsilon,,415
CMP-100766,Flange,Piping,706.94,204.0,741.49,229.66,,,,,50,,,Gas,,Yes,,,,,300,,Installed,Vendor_Beta,,
CMP-100767,Duct,HVAC,889.66,700.18,909.23,735.68,1200,,,,,400x300,,,,Acoustic,,Aluminum,,Low,,,Fabricated,Vendor_HVAC_2,,
CMP-100768,Damper,HVAC,644.33,718.02,663.5,736.99,1200,,,,,400x300,,,,Thermal,,Galvanized_Steel,,High,,,Commissioned,Vendor_HVAC_2,,
CMP-100769,Column,Structural,669.39,230.0,686.26,262.71,,,,,,,,,,,3.0,,A36,,,PFC_200,Fabricated,,,
CMP-100770,Transformer,Electrical,708.13,584.89,746.9,605.95,,,,,,,,,IP67,,,,,,,,Connected,,HV_33kV,
CMP-100771,Column,Structural,823.37,106.43,856.86,145.04,,,None,,,,,,,,3.0,,A572_G50,,,UC_254x254,Fabricated,,,
CMP-100772,Diffuser,HVAC,228.96,326.79,264.52,355.32,,,,,,400x300,,,,Acoustic,,Aluminum,,High,,,Balanced,Vendor_HVAC_2,,
CMP-100773,Transformer,Electrical,808.62,504.01,843.48,537.97,,,,,,,,,,,,,,,,,Energized,Vendor_Zeta,LV_415V,
CMP-100774,Junction_Box,Electrical,399.51,466.64,436.14,488.65,,,,,,,,,IP67,,,,,,,,Connected,Vendor_Theta,MV_11kV,
CMP-100775,I_Beam,Structural,31.63,519.17,58.77,548.81,,,None,,,,,,,,12.0,,A572_G50,,,UB_203x133,Inspected,,,
CMP-100776,Cable_Tray,Electrical,561.5,433.24,596.34,472.09,,,,,,,,,IP55,,,,,,,,Energized,Vendor_Theta,LV_415V,
CMP-100777,Cable_Tray,Electrical,332.57,571.7,368.88,601.03,,,,,,,,,IP67,,,,,,,,Connected,Vendor_Zeta,MV_11kV,
CMP-100778,Heat_Exchanger,Equipment,41.73,682.16,59.2,720.18,,250,,,,,Shell_and_Tube,,,,,,,,,,Delivered,Vendor_Delta,,6600
CMP-100779,Platform,Structural,649.19,464.37,683.41,483.38,,,Galvanized,,,,,,,,9.0,,S355,,,PFC_200,Fabricated,,,
CMP-100780,Bracing,Structural,574.76,537.9,610.67,558.59,,,None,,,,,,,,9.0,,A36,,,UB_203x133,Erected,,,
CMP-100781,Storage_Tank,Equipment,790.38,359.81,813.81,385.75,,250,,,,,Centrifugal,,,,,,,,,,Installed,Vendor_Epsilon,,
CMP-100782,Damper,HVAC,378.17,506.95,398.14,524.21,1200,,,,,800x600,,,,Acoustic,,Galvanized_Steel,,High,,,Balanced,Vendor_HVAC_1,,
CMP-100783,Column,Structural,418.28,48.54,446.98,80.23,,,Painted_Epoxy,,,,,,,,6.0,,A572_G50,,,PFC_200,Fabricated,,,
CMP-100784,Pump,Equipment,287.11,695.21,323.55,722.29,,100,,,,,Shell_and_Tube,,,,,,,,,,Commissioned,Vendor_Epsilon,,6600
CMP-100785,Platform,Structural,353.21,650.04,391.63,673.04,,,,,,,,,,,6.0,,S355,,,PFC_200,Inspected,,,
CMP-100786,Switchgear,Electrical,114.33,598.41,135.03,622.12,,,,,,,,,IP55,,,,,,,,Energized,Vendor_Theta,HV_33kV,
CMP-100787,Diffuser,HVAC,467.42,325.33,506.25,344.61,5000,,,,,200x200,,,,None,,,,Low,,,Balanced,Vendor_HVAC_1,,
CMP-100788,Diffuser,HVAC,407.75,555.06,426.08,579.97,2500,,,,,600x400,,,,None,,Aluminum,,High,,,Balanced,Vendor_HVAC_1,,
CMP-100789,I_Beam,Structural,717.16,69.71,733.75,95.05,,,Galvanized,,,,,,,,6.0,,A36,,,PFC_200,Erected,,,
CMP-100790,Flange,Piping,100.2,682.3,129.55,721.03,,,,,200,,,Oil,,No,,Alloy_Steel,,,300,,Tested,,,
CMP-100791,Platform,Structural,200.55,265.84,231.73,282.88,,,Galvanized,,,,,,,,3.0,,A36,,,UB_203x133,Fabricated,,,
CMP-100792,Pump,Equipment,887.24,390.38,902.36,415.0,,250,,,,,,,,,,,,,,,Commissioned,Vendor_Delta,,415
CMP-100793,I_Beam,Structural,804.89,658.83,834.88,688.18,,,,,,,,,,,12.0,,S355,,,UB_203x133,,,,
CMP-100794,Duct,HVAC,746.48,238.17,768.77,261.9,5000,,,,,400x300,,,,None,,Aluminum,,Low,,,Commissioned,Vendor_HVAC_1,,
CMP-100795,Duct,HVAC,324.51,275.99,345.5,311.43,,,,,,800x600,,,,None,,Aluminum,,,,,Fabricated,Vendor_HVAC_1,,
CMP-100796,Platform,Structural,701.23,470.24,723.29,488.63,,,,,,,,,,,12.0,,A572_G50,,,UC_254x254,,,,
CMP-100797,Flange,Piping,525.13,446.76,547.78,486.57,,,,,50,,,Water,,Yes,,Carbon_Steel,,,150,,Designed,Vendor_Beta,,
CMP-100798,Storage_Tank,Equipment,887.77,56.7,923.4,93.54,,250,,,,,Shell_and_Tube,,,,,,,,,,Ordered,Vendor_Delta,,415
CMP-100799,Storage_Tank,Equipment,85.67,162.53,105.84,193.54,,100,,,,,,,,,,,,,,,Ordered,Vendor_Epsilon,,415
CMP-100800,Compressor,Equipment,763.91,280.25,799.85,296.37,,250,,,,,Centrifugal,,,,,,,,,,Installed,Vendor_Epsilon,,3300
CMP-100801,Cable_Tray,Electrical,394.3,309.55,416.25,347.08,,,,,,,,,IP55,,,,,,,,Connected,,MV_11kV,
CMP-100802,Transformer,Electrical,616.67,176.08,647.61,193.96,,,,,,,,,,,,,,,,,Laid,Vendor_Theta,MV_11kV,
CMP-100803,Switchgear,Electrical,502.63,219.29,531.88,237.0,,,,,,,,,IP67,,,,,,,,Laid,Vendor_Zeta,LV_415V,
CMP-100804,Junction_Box,Electrical,118.41,180.05,154.24,199.66,,,,,,,,,IP67,,,,,,,,Energized,Vendor_Zeta,LV_415V,
CMP-100805,Damper,HVAC,711.69,527.44,727.78,542.8,2500,,,,,600x400,,,,Thermal,,,,High,,,Installed,Vendor_HVAC_1,,
CMP-100806,Platform,Structural,42.78,328.37,78.87,358.41,,,Painted_Epoxy,,,,,,,,,,A36,,,UC_254x254,Fabricated,,,
CMP-100807,Damper,HVAC,671.67,245.16,687.63,282.7,500,,,,,200x200,,,,Acoustic,,Galvanized_Steel,,High,,,Fabricated,,,
CMP-100808,Junction_Box,Electrical,274.22,451.23,300.46,484.93,,,,,,,,,IP67,,,,,,,,Laid,Vendor_Theta,HV_33kV,
CMP-100809,Heat_Exchanger,Equipment,278.18,531.68,317.26,556.39,,50,,,,,Centrifugal,,,,,,,,,,Commissioned,Vendor_Delta,,3300
CMP-100810,Transformer,Electrical,776.12,267.06,814.67,292.59,,,,,,,,,IP65,,,,,,,,Connected,Vendor_Theta,HV_33kV,
CMP-100811,Heat_Exchanger,Equipment,241.41,518.81,270.62,557.51,,500,,,,,Shell_and_Tube,,,,,,,,,,Installed,Vendor_Delta,,3300
CMP-100812,Cable_Tray,Electrical,508.55,336.62,546.17,375.51,,,,,,,,,,,,,,,,,Energized,Vendor_Theta,MV_11kV,
CMP-100813,Diffuser,HVAC,182.28,330.09,214.63,354.74,1200,,,,,600x400,,,,Thermal,,Galvanized_Steel,,High,,,Installed,Vendor_HVAC_2,,
CMP-100814,I_Beam,Structural,628.57,570.87,645.71,586.09,,,Galvanized,,,,,,,,9.0,,A36,,,UB_203x133,Erected,,,
CMP-100815,Flange,Piping,580.91,240.85,618.52,267.02,,,,,50,,,Water,,Yes,,Stainless_Steel,,,150,,Tested,Vendor_Gamma,,
CMP-100816,Switchgear,Electrical,640.97,652.56,680.37,684.16,,,,,,,,,,,,,,,,,,Vendor_Theta,MV_11kV,
CMP-100817,Junction_Box,Electrical,173.41,33.97,205.61,69.42,,,,,,,,,IP65,,,,,,,,Connected,Vendor_Theta,HV_33kV,
CMP-100818,I_Beam,Structural,817.84,68.22,836.21,90.72,,,Galvanized,,,,,,,,9.0,,A36,,,PFC_200,Erected,,,
CMP-100819,Reducer,Piping,912.53,275.65,933.85,303.49,,,,,100,,,Oil,,No,,Carbon_Steel,,,-9999,,Installed,Vendor_Gamma,,
CMP-100820,Cable_Tray,Electrical,319.63,41.96,356.43,80.12,,,,,,,,,IP65,,,,,,,,Connected,Vendor_Zeta,,
CMP-100821,Platform,Structural,322.07,582.2,358.41,616.8,,,Painted_Epoxy,,,,,,,,6.0,,A572_G50,,,UC_254x254,,,,
CMP-100822,Cable_Tray,Electrical,744.93,659.34,781.47,696.74,,,,,,,,,IP55,,,,,,,,Laid,Vendor_Zeta,,
CMP-100823,Damper,HVAC,720.99,624.58,736.23,639.92,5000,,,,,200x200,,,,Acoustic,,Galvanized_Steel,,Medium,,,Installed,Vendor_HVAC_1,,
CMP-100824,Pump,Equipment,666.43,84.11,692.25,116.25,,,,,,,Shell_and_Tube,,,,,,,,,,Delivered,Vendor_Epsilon,,6600
CMP-100825,Damper,HVAC,442.29,532.1,472.09,568.62,,,,,,200x200,,,,None,,Galvanized_Steel,,Medium,,,Installed,Vendor_HVAC_2,,
CMP-100826,Heat_Exchanger,Equipment,375.2,605.23,397.62,630.54,,250,,,,,Centrifugal,,,,,,,,,,,Vendor_Epsilon,,6600
CMP-100827,Column,Structural,78.19,63.95,101.8,97.27,,,,,,,,,,,12.0,,A572_G50,,,,Fabricated,,,
CMP-100828,Bracing,Structural,648.27,443.85,687.25,473.08,,,Painted_Epoxy,,,,,,,,9.0,,A572_G50,,,PFC_200,Inspected,,,
CMP-100829,Heat_Exchanger,Equipment,548.51,49.89,572.33,76.51,,500,,,,,Reciprocating,,,,,,,,,,Commissioned,Vendor_Delta,,415
CMP-100830,Storage_Tank,Equipment,363.31,629.18,382.04,653.32,,100,,,,,Shell_and_Tube,,,,,,,,,,Ordered,Vendor_Delta,,415
CMP-100831,Bracing,Structural,197.98,368.13,216.94,403.87,,,Galvanized,,,,,,,,12.0,,A572_G50,,,UC_254x254,Inspected,,,
CMP-100832,Flange,Piping,885.3,66.83,908.38,93.75,,,,,200,,,Gas,,No,,Stainless_Steel,,,300,,Tested,Vendor_Gamma,,
CMP-100833,Storage_Tank,Equipment,326.99,281.35,359.2,299.55,,,,,,,Reciprocating,,,,,,,,,,Installed,Vendor_Epsilon,,3300
CMP-100834,Switchgear,Electrical,519.5,424.05,542.78,443.91,,,,,,,,,IP67,,,,,,,,Laid,Vendor_Zeta,MV_11kV,
CMP-100835,Compressor,Equipment,526.97,643.39,549.81,680.41,,50,,,,,Centrifugal,,,,,,,,,,Installed,,,3300
CMP-100836,Transformer,Electrical,732.15,213.35,750.73,249.54,,,,,,,,,IP67,,,,,,,,,Vendor_Theta,,
CMP-100837,Damper,HVAC,725.32,689.67,752.44,712.52,1200,,,,,400x300,,,,None,,Aluminum,,High,,,Balanced,Vendor_HVAC_2,,
CMP-100838,Cable_Tray,Electrical,288.36,162.97,310.76,178.69,,,,,,,,,,,,,,,,,Laid,Vendor_Theta,MV_11kV,
CMP-100839,Damper,HVAC,554.46,550.92,572.15,572.76,1200,,,,,800x600,,,,Thermal,,Aluminum,,Low,,,Commissioned,Vendor_HVAC_2,,
CMP-100840,Platform,Structural,180.2,449.16,214.21,480.25,,,Galvanized,,,,,,,,6.0,,S355,,,,Fabricated,,,
CMP-100841,Damper,HVAC,866.11,184.51,899.98,223.82,500,,,,,800x600,,,,Thermal,,,,High,,,Fabricated,Vendor_HVAC_2,,
CMP-100842,Pump,Equipment,706.49,628.07,727.17,644.48,,,,,,,Centrifugal,,,,,,,,,,Ordered,Vendor_Delta,,415
CMP-100843,Heat_Exchanger,Equipment,470.53,246.07,504.43,277.83,,500,,,,,,,,,,,,,,,Commissioned,Vendor_Delta,,
CMP-100844,Pump,Equipment,207.95,427.92,223.13,460.47,,100,,,,,Reciprocating,,,,,,,,,,Installed,Vendor_Epsilon,,415
CMP-100845,Diffuser,HVAC,163.88,161.11,194.07,184.47,2500,,,,,600x400,,,,Acoustic,,Aluminum,,Medium,,,,Vendor_HVAC_1,,
CMP-100846,Storage_Tank,Equipment,769.64,491.94,806.81,527.39,,100,,,,,Centrifugal,,,,,,,,,,Ordered,Vendor_Delta,,3300
CMP-100847,Storage_Tank,Equipment,205.72,682.76,230.43,705.94,,500,,,,,Shell_and_Tube,,,,,,,,,,Delivered,,,6600
CMP-100848,Pipe_Segment,Piping,787.41,453.49,823.84,492.16,,,,,300,,,Steam,,,,PVC,,,150,,Installed,,,
CMP-100849,Cable_Tray,Electrical,287.72,44.49,305.72,63.04,,,,,,,,,IP67,,,,,,,,Energized,Vendor_Theta,LV_415V,
CMP-100850,Pump,Equipment,121.33,527.37,147.71,564.53,,500,,,,,Reciprocating,,,,,,,,,,Delivered,,,
CMP-100851,Cable_Tray,Electrical,53.45,322.74,80.09,342.12,,,,,,,,,IP67,,,,,,,,,Vendor_Theta,,
CMP-100852,Platform,Structural,202.43,207.1,234.21,246.18,,,Painted_Epoxy,,,,,,,,3.0,,S355,,,UB_203x133,Inspected,,,
CMP-100853,Transformer,Electrical,664.01,539.77,686.17,556.98,,,,,,,,,IP65,,,,,,,,Connected,Vendor_Zeta,MV_11kV,
CMP-100854,Bracing,Structural,386.3,426.15,410.6,465.74,,,Painted_Epoxy,,,,,,,,12.0,,A36,,,UC_254x254,,,,
CMP-100855,Column,Structural,319.52,271.07,346.18,304.91,,,None,,,,,,,,6.0,,A36,,,UC_254x254,Inspected,,,
CMP-100856,Heat_Exchanger,Equipment,899.51,574.59,935.13,599.5,,50,,,,,Centrifugal,,,,,,,,,,,Vendor_Delta,,6600
CMP-100857,Storage_Tank,Equipment,460.26,247.84,496.17,272.17,,500,,,,,Shell_and_Tube,,,,,,,,,,Ordered,Vendor_Epsilon,,3300
CMP-100858,Heat_Exchanger,Equipment,664.58,645.23,703.81,680.23,,250,,,,,Centrifugal,,,,,,,,,,Delivered,Vendor_Delta,,3300
CMP-100859,Pump,Equipment,34.6,227.05,54.78,262.74,,50,,,,,Centrifugal,,,,,,,,,,Ordered,Vendor_Epsilon,,3300
CMP-100860,Platform,Structural,357.42,232.65,387.9,270.64,,,Painted_Epoxy,,,,,,,,3.0,,S355,,,,,,,
CMP-100861,Junction_Box,Electrical,697.63,558.85,723.2,588.53,,,,,,,,,IP55,,,,,,,,Connected,Vendor_Zeta,HV_33kV,
CMP-100862,Switchgear,Electrical,509.36,78.08,542.47,110.97,,,,,,,,,IP65,,,,,,,,Connected,,MV_11kV,
CMP-100863,Platform,Structural,214.9,307.42,230.16,325.63,,,Painted_Epoxy,,,,,,,,,,A36,,,UC_254x254,Erected,,,
CMP-100864,Duct,HVAC,247.88,102.37,275.8,121.72,,,,,,400x300,,,,Acoustic,,Galvanized_Steel,,Medium,,,Commissioned,Vendor_HVAC_2,,
CMP-100865,Compressor,Equipment,59.49,147.87,82.99,179.95,,50,,,,,Centrifugal,,,,,,,,,,Ordered,Vendor_Epsilon,,415
CMP-100866,Cable_Tray,Electrical,657.57,648.38,681.78,676.97,,,,,,,,,IP67,,,,,,,,Laid,,LV_415V,
CMP-100867,Bracing,Structural,447.16,374.98,468.24,413.18,,,None,,,,,,,,6.0,,A36,,,PFC_200,Erected,,,
CMP-100868,Cable_Tray,Electrical,893.78,479.38,923.33,497.28,,,,,,,,,IP65,,,,,,,,Energized,Vendor_Theta,,
CMP-100869,Pipe_Segment,Piping,121.48,486.14,151.12,501.36,,,,,100,,,Steam,,No,,Stainless_Steel,,,150,,,Vendor_Gamma,,
CMP-100870,Duct,HVAC,151.5,108.87,179.25,145.4,500,,,C:/Synthetic/Temp/Config_9.dat,,,,,,Thermal,,Aluminum,,Low,,,Balanced,Vendor_HVAC_2,,
CMP-100871,Flange,Piping,722.57,39.37,754.36,77.64,,,,,100,,,Gas,,Yes,,Stainless_Steel,,,600,,Designed,Vendor_Alpha,,
CMP-100872,Cable_Tray,Electrical,525.52,513.13,559.95,547.45,,,,,,,,,IP65,,,,,,,,Connected,Vendor_Theta,,
CMP-100873,Platform,Structural,480.3,290.27,517.08,322.48,,,Galvanized,,,,,,,,6.0,,S355,,,PFC_200,Erected,,,
CMP-100874,Duct,HVAC,246.43,207.75,268.21,229.97,2500,,,,,600x400,,,,Thermal,,Aluminum,,High,,,Commissioned,Vendor_HVAC_2,,
CMP-100875,Heat_Exchanger,Equipment,742.02,501.83,761.77,533.98,,500,,,,,Shell_and_Tube,,,,,,,,,,Installed,Vendor_Delta,,415
CMP-100876,Air_Handler,HVAC,184.77,473.23,212.19,494.37,5000,,,,,600x400,,,,Thermal,,Galvanized_Steel,,Low,,,Commissioned,,,
CMP-100877,Storage_Tank,Equipment,855.03,338.33,894.8,367.92,,250,,,,,Shell_and_Tube,,,,,,,,,,Commissioned,Vendor_Epsilon,,
CMP-100878,Junction_Box,Electrical,301.83,117.81,319.9,151.81,,,,,,,,,IP65,,,,,,,,Energized,Vendor_Zeta,LV_415V,
CMP-100879,Transformer,Electrical,55.94,482.21,72.44,500.0,,,,,,,,,IP65,,,,,,,,Laid,Vendor_Theta,HV_33kV,
CMP-100880,Air_Handler,HVAC,776.69,126.19,805.53,149.11,500,,,,,800x600,,,,Acoustic,,Aluminum,,Low,,,,Vendor_HVAC_1,,
CMP-100881,Compressor,Equipment,568.65,644.32,606.59,666.31,,500,,,,,,,,,,,,,,,Commissioned,Vendor_Delta,,6600
CMP-100882,Reducer,Piping,661.18,329.77,694.66,354.38,,,,,,,,Gas,,No,,Alloy_Steel,,,150,,Tested,Vendor_Beta,,
CMP-100883,Transformer,Electrical,355.66,512.42,385.68,544.89,,,,,,,,,IP65,,,,,,,,Connected,Vendor_Theta,MV_11kV,
CMP-100884,Compressor,Equipment,560.39,348.8,576.0,387.18,,,,,,,Shell_and_Tube,,,,,,,,,,Installed,Vendor_Delta,,415
CMP-100885,Junction_Box,Electrical,671.76,656.43,689.0,677.8,,,,,,,,,IP65,,,,,,,,Laid,Vendor_Zeta,MV_11kV,
CMP-100886,Reducer,Piping,348.11,552.5,365.36,590.4,,,,,50,,,Steam,,No,,,,,600,,Installed,Vendor_Alpha,,
CMP-100887,Compressor,Equipment,300.44,384.36,321.24,401.67,,100,,,,,,,,,,,,,,,Delivered,Vendor_Delta,,3300
CMP-100888,Duct,HVAC,80.64,91.06,116.07,110.53,2500,,,,,800x600,,,,Acoustic,,Galvanized_Steel,,Low,,,Installed,Vendor_HVAC_1,,
CMP-100889,Duct,HVAC,374.43,136.9,401.16,173.06,2500,,,,,600x400,,,,Acoustic,,Galvanized_Steel,,Medium,,,Fabricated,,,
CMP-100890,Transformer,Electrical,20.52,342.54,55.49,374.48,,,,,,,,,IP67,,,,,,,,Energized,Vendor_Theta,HV_33kV,
CMP-100891,Diffuser,HVAC,696.47,386.43,721.66,414.01,2500,,,,,200x200,,,,Thermal,,Aluminum,,Low,,,Balanced,Vendor_HVAC_1,,
CMP-100892,Compressor,Equipment,717.56,545.24,743.81,575.0,,250,,,,,Centrifugal,,,,,,,,,,,Vendor_Epsilon,,415
CMP-100893,Platform,Structural,379.32,519.02,403.61,539.14,,,Galvanized,,,,,,,,3.0,,A36,,,UB_203x133,Erected,,,
CMP-100894,Cable_Tray,Electrical,558.41,268.34,586.22,295.27,,,,,,,,,,,,,,,,,Connected,Vendor_Zeta,MV_11kV,
CMP-100895,Pipe_Segment,Piping,151.35,517.77,173.09,533.39,,,,,,,,Water,,No,,PVC,,,600,,Designed,Vendor_Beta,,
CMP-100896,Cable_Tray,Electrical,619.69,403.59,653.41,431.24,,,,,,,,,IP65,,,,,,,,Energized,Vendor_Theta,LV_415V,
CMP-100897,Heat_Exchanger,Equipment,705.9,157.43,736.32,179.32,,100,,,,,Centrifugal,,,,,,,,,,Delivered,Vendor_Epsilon,,6600
CMP-100898,Pump,Equipment,911.92,134.37,927.86,167.55,,100,,,,,Centrifugal,,,,,,,,,,Commissioned,Vendor_Epsilon,,3300
CMP-100899,Air_Handler,HVAC,785.53,688.97,806.98,717.93,2500,,,,,600x400,,,,Acoustic,,Aluminum,,High,,,Fabricated,Vendor_HVAC_2,,
CMP-100900,Bracing,Structural,468.99,526.99,494.11,565.79,,,Galvanized,,,,,,,,6.0,,A572_G50,,,UB_203x133,Fabricated,,,
CMP-100901,Flange,Piping,391.38,299.9,420.54,322.38,,,,,300,,,Oil,,Yes,,Alloy_Steel,,,,,Tested,Vendor_Beta,,
CMP-100902,I_Beam,Structural,297.21,360.56,337.15,398.76,,,None,,,,,,,,6.0,,A36,,,UB_203x133,Erected,,,
CMP-100903,Pipe_Segment,Piping,93.89,577.34,109.1,605.85,,,,,300,,,Steam,,,,Carbon_Steel,,,150,,Installed,Vendor_Gamma,,
CMP-100904,I_Beam,Structural,56.39,645.02,79.64,660.99,,,Painted_Epoxy,,,,,,,,12.0,,A36,,,UB_203x133,Inspected,,,
CMP-100905,I_Beam,Structural,768.62,219.11,785.24,249.26,,,None,,,,,,,,,,S355,,,PFC_200,Erected,,,
CMP-100906,Column,Structural,645.42,587.19,669.39,614.91,,,Painted_Epoxy,,,,,,,,6.0,,S355,,,UC_254x254,Fabricated,,,
CMP-100907,Compressor,Equipment,153.85,128.65,170.84,158.34,,100,,,,,Centrifugal,,,,,,,,,,Installed,Vendor_Delta,,415
CMP-100908,Junction_Box,Electrical,388.89,670.91,420.6,702.7,,,,,,,,,IP55,,,,,,,,Energized,,MV_11kV,
CMP-100909,Compressor,Equipment,192.34,66.24,208.12,102.57,,500,,,,,Centrifugal,,,,,,,,,,Installed,Vendor_Epsilon,,3300
CMP-100910,Switchgear,Electrical,882.26,546.06,918.96,565.66,,,,,,,,,IP65,,,,,,,,,Vendor_Theta,LV_415V,
CMP-100911,Pump,Equipment,815.8,188.02,845.9,226.95,,50,,,,,Shell_and_Tube,,,,,,,,,,Installed,Vendor_Epsilon,,6600
CMP-100912,I_Beam,Structural,114.14,560.1,153.37,580.14,,,None,,,,,,,,9.0,,S355,,,PFC_200,Inspected,,,
CMP-100913,Damper,HVAC,411.44,684.87,446.45,711.24,5000,,,,,600x400,,,,Acoustic,,Aluminum,,,,,Commissioned,Vendor_HVAC_1,,
CMP-100914,Column,Structural,424.34,230.2,455.64,246.17,,,Galvanized,,,,,,,,,,S355,,,UC_254x254,Erected,,,
CMP-100915,Compressor,Equipment,22.03,53.43,38.93,88.51,,50,,,,,Shell_and_Tube,,,,,,,,,,Installed,Vendor_Delta,,6600
CMP-100916,Transformer,Electrical,500.68,406.65,535.17,443.03,,,,,,,,,IP65,,,,,,,,Energized,Vendor_Theta,MV_11kV,
CMP-100917,Flange,Piping,602.16,682.6,617.68,700.85,,,,,150,,,Steam,,No,,PVC,,,300,,Installed,Vendor_Gamma,,
CMP-100918,Duct,HVAC,88.6,128.9,106.64,167.33,2500,,,,,200x200,,,,None,,Aluminum,,Low,,,Fabricated,Vendor_HVAC_2,,
CMP-100919,Flange,Piping,730.1,267.27,754.8,287.0,,,,,250,,,Steam,,Yes,,Carbon_Steel,,,150,,Procured,Vendor_Gamma,,
CMP-100920,I_Beam,Structural,326.16,292.49,360.08,310.08,,,None,,,,,,,,12.0,,A572_G50,,,UB_203x133,Inspected,,,
CMP-100921,Compressor,Equipment,521.71,340.5,544.77,364.72,,50,,,,,Centrifugal,,,,,,,,,,Installed,Vendor_Epsilon,,415
CMP-100922,Flange,Piping,795.81,79.66,831.89,109.53,,,,,200,,,Water,,No,,Carbon_Steel,,,600,,Installed,Vendor_Gamma,,
CMP-100923,Switchgear,Electrical,55.04,94.6,93.52,126.22,,,,,,,,,IP65,,,,,,,,Connected,Vendor_Theta,HV_33kV,
CMP-100924,Flange,Piping,87.6,235.87,110.1,251.44,,,,,50,,,Water,,Yes,,PVC,,,600,,Installed,Vendor_Alpha,,
CMP-100925,Heat_Exchanger,Equipment,544.01,75.19,560.24,97.98,,50,,,,,Shell_and_Tube,,,,,,,,,,Installed,Vendor_Epsilon,,6600
CMP-100926,Reducer,Piping,697.07,48.52,735.04,74.02,,,,,100,,,Oil,,Yes,,PVC,,,,,,Vendor_Beta,,
CMP-100927,Duct,HVAC,257.85,433.6,286.88,468.45,500,,,,,,,,,None,,Galvanized_Steel,,Low,,,Commissioned,,,
CMP-100928,Air_Handler,HVAC,539.02,530.9,575.07,558.22,5000,,,,,800x600,,,,None,,Galvanized_Steel,,High,,,Balanced,Vendor_HVAC_1,,
CMP-100929,Switchgear,Electrical,603.5,368.37,642.95,393.51,,,,,,,,,IP67,,,,,,,,Energized,Vendor_Zeta,MV_11kV,
CMP-100930,Pump,Equipment,227.77,195.0,243.93,211.8,,50,,,,,Centrifugal,,,,,,,,,,Ordered,Vendor_Delta,,6600
CMP-100931,Cable_Tray,Electrical,327.22,332.95,345.89,364.15,,,,,,,,,IP65,,,,,,,,Energized,Vendor_Theta,MV_11kV,
CMP-100932,Heat_Exchanger,Equipment,206.1,267.22,242.85,303.67,,250,,,,,Reciprocating,,,,,,,,,,,Vendor_Delta,,3300
CMP-100933,Reducer,Piping,491.85,162.69,509.61,184.87,,,,,50,,,Gas,,,,Stainless_Steel,,,600,,Tested,Vendor_Beta,,
CMP-100934,Junction_Box,Electrical,262.68,356.25,288.63,374.59,,,,,,,,,IP55,,,,,,,,Energized,Vendor_Zeta,HV_33kV,
CMP-100935,Flange,Piping,669.12,385.42,701.37,407.22,,,,,50,,,Gas,,Yes,,PVC,,,-9999,,Procured,Vendor_Gamma,,
CMP-100936,Damper,HVAC,584.77,704.22,599.85,743.19,500,,,,,800x600,,,,Thermal,,Aluminum,,Low,,,Balanced,Vendor_HVAC_2,,
CMP-100937,Air_Handler,HVAC,106.48,350.3,126.39,371.42,5000,,,,,,,,,None,,Galvanized_Steel,,High,,,,,,
CMP-100938,Damper,HVAC,228.17,626.59,248.29,651.9,5000,,,,,200x200,,,,Acoustic,,Galvanized_Steel,,Low,,,Commissioned,Vendor_HVAC_2,,
CMP-100939,Diffuser,HVAC,823.79,85.44,861.88,115.73,1200,,,,,,,,,None,,Galvanized_Steel,,,,,Commissioned,Vendor_HVAC_1,,
CMP-100940,Switchgear,Electrical,110.08,372.59,130.81,401.98,,,,,,,,,IP65,,,,,,,,Energized,Vendor_Zeta,,
CMP-100941,Pipe_Segment,Piping,620.57,154.78,656.13,175.64,,,,,100,,,Steam,,No,,,,,300,,,Vendor_Gamma,,
CMP-100942,Storage_Tank,Equipment,584.42,636.12,606.91,668.29,,100,,,,,Centrifugal,,,,,,,,,,Ordered,Vendor_Epsilon,,415
CMP-100943,Pipe_Segment,Piping,707.98,168.25,726.82,185.96,,,,,250,,,Steam,,No,,Stainless_Steel,,,600,,Procured,Vendor_Beta,,
CMP-100944,Compressor,Equipment,271.26,202.16,291.61,235.5,,250,,,,,Centrifugal,,,,,,,,,,Ordered,Vendor_Delta,,6600
CMP-100945,Pump,Equipment,226.76,510.19,265.5,528.02,,100,,,,,Shell_and_Tube,,,,,,,,,,Delivered,Vendor_Delta,,
CMP-100946,Pipe_Segment,Piping,237.35,406.59,260.83,435.03,,,,,100,,,Steam,,Yes,,PVC,,,-9999,,Designed,Vendor_Gamma,,
CMP-100947,Cable_Tray,Electrical,399.91,463.7,416.91,497.7,,,,,,,,,IP65,,,,,,,,,Vendor_Zeta,HV_33kV,
CMP-100948,Pipe_Segment,Piping,95.27,135.45,128.82,166.38,,,,,200,,,,,No,,,,,150,,Designed,Vendor_Beta,,
CMP-100949,Platform,Structural,624.96,576.28,652.56,598.53,,,None,,,,,,,,12.0,,A36,,,,Fabricated,,,
CMP-100950,Heat_Exchanger,Equipment,761.92,222.28,792.46,238.34,,500,,,,,Centrifugal,,,,,,,,,,Ordered,Vendor_Delta,,
CMP-100951,Switchgear,Electrical,593.0,82.08,626.1,103.96,,,,,,,,,IP55,,,,,,,,Connected,Vendor_Theta,MV_11kV,
CMP-100952,I_Beam,Structural,349.59,595.1,384.22,619.48,,,Painted_Epoxy,,,,,,,,12.0,,,,,PFC_200,Inspected,,,
CMP-100953,Diffuser,HVAC,576.28,570.57,591.7,601.18,500,,,,,400x300,,,,None,,Aluminum,,Low,,,Fabricated,Vendor_HVAC_2,,
CMP-100954,Compressor,Equipment,468.6,671.63,496.49,696.08,,500,,,,,Shell_and_Tube,,,,,,,,,,Delivered,Vendor_Epsilon,,415
CMP-100955,Storage_Tank,Equipment,386.88,131.02,407.95,156.51,,500,,,,,Reciprocating,,,,,,,,,,Installed,,,3300
CMP-100956,Reducer,Piping,282.46,707.55,307.21,731.42,,,,,50,,,Steam,,No,,PVC,,,150,,Designed,Vendor_Beta,,
CMP-100957,Switchgear,Electrical,390.07,215.85,412.34,245.24,,,,,,,,,IP55,,,,,,,,Energized,Vendor_Zeta,HV_33kV,
CMP-100958,Damper,HVAC,767.37,212.8,800.51,231.16,2500,,,,,200x200,,,,Thermal,,Galvanized_Steel,,,,,Installed,Vendor_HVAC_2,,
CMP-100959,Storage_Tank,Equipment,548.41,638.44,566.46,671.65,,,,,,,Centrifugal,,,,,,,,,,Ordered,Vendor_Delta,,3300
CMP-100960,Pump,Equipment,587.79,158.59,608.21,183.71,,,,,,,Centrifugal,,,,,,,,,,Ordered,Vendor_Epsilon,,415
CMP-100961,Platform,Structural,105.78,692.52,142.24,726.99,,,Galvanized,,,,,,,,6.0,,S355,,,UB_203x133,Erected,,,
CMP-100962,Cable_Tray,Electrical,514.77,606.32,542.87,621.65,,,,,,,,,IP67,,,,,,,,Energized,Vendor_Zeta,MV_11kV,
CMP-100963,Cable_Tray,Electrical,814.05,496.08,838.84,526.32,,,,,,,,,,,,,,,,,Laid,Vendor_Theta,LV_415V,
CMP-100964,Flange,Piping,223.26,297.9,250.19,333.85,,,,,300,,,,,Yes,,Alloy_Steel,,,150,,Installed,Vendor_Alpha,,
CMP-100965,Flange,Piping,860.4,506.79,896.83,529.14,,,,,50,,,Steam,,,,Alloy_Steel,,,600,,Tested,Vendor_Gamma,,
CMP-100966,Pipe_Segment,Piping,124.86,110.15,159.37,125.6,,,,,50,,,Water,,No,,,,,150,,Designed,Vendor_Gamma,,
CMP-100967,Cable_Tray,Electrical,308.34,541.61,325.84,561.0,,,,,,,,,IP65,,,,,,,,Laid,Vendor_Zeta,MV_11kV,
CMP-100968,Junction_Box,Electrical,402.03,412.96,439.59,443.49,,,,,,,,,IP55,,,,,,,,Connected,Vendor_Zeta,MV_11kV,
CMP-100969,Diffuser,HVAC,722.22,259.83,743.16,296.4,1200,,,,,400x300,,,,,,Galvanized_Steel,,Medium,,,Commissioned,Vendor_HVAC_1,,
CMP-100970,Duct,HVAC,476.66,715.23,506.18,731.85,5000,,,,,400x300,,,,None,,Aluminum,,High,,,Commissioned,Vendor_HVAC_2,,
CMP-100971,Platform,Structural,100.69,385.55,119.32,420.14,,,None,,,,,,,,3.0,,S355,,,UB_203x133,Inspected,,,
CMP-100972,Damper,HVAC,877.96,643.38,895.67,679.36,1200,,,,,400x300,,,,None,,Galvanized_Steel,,Medium,,,,Vendor_HVAC_1,,
CMP-100973,Cable_Tray,Electrical,431.46,312.39,468.75,343.44,,,,,,,,,IP67,,,,,,,,Energized,Vendor_Theta,LV_415V,
CMP-100974,Heat_Exchanger,Equipment,611.53,412.81,626.97,448.28,,500,,,,,Centrifugal,,,,,,,,,,Commissioned,Vendor_Delta,,415
CMP-100975,Switchgear,Electrical,510.05,122.63,541.57,139.97,,,,,,,,,IP65,,,,,,,,Laid,,HV_33kV,
CMP-100976,Junction_Box,Electrical,108.43,601.43,145.49,635.59,,,,,,,,,IP55,,,,,,,,Laid,Vendor_Theta,MV_11kV,
CMP-100977,Damper,HVAC,236.54,577.4,259.31,605.13,1200,,,,,200x200,,,,None,,,,Low,,,Commissioned,Vendor_HVAC_2,,
CMP-100978,Pipe_Segment,Piping,125.11,705.76,149.79,725.81,,,,,250,,,,,,,,,,150,,Installed,,,
CMP-100979,Duct,HVAC,792.05,244.97,818.38,279.31,5000,,,,,400x300,,,,Thermal,,Aluminum,,High,,,Commissioned,Vendor_HVAC_2,,
CMP-100980,Transformer,Electrical,72.36,680.05,109.5,713.2,,,,,,,,,IP67,,,,,,,,Laid,Vendor_Zeta,MV_11kV,
CMP-100981,Junction_Box,Electrical,850.55,666.16,890.1,695.3,,,,,,,,,IP65,,,,,,,,,Vendor_Theta,LV_415V,
CMP-100982,Valve,Piping,198.6,337.71,215.83,356.03,,,,,100,,,Steam,,Yes,,PVC,,,300,,Procured,Vendor_Alpha,,
CMP-100983,Damper,HVAC,20.42,98.83,54.18,119.78,5000,,,,,600x400,,,,Acoustic,,Galvanized_Steel,,Medium,,,Balanced,Vendor_HVAC_1,,
CMP-100984,Storage_Tank,Equipment,63.01,624.89,85.36,640.97,,50,,,,,Reciprocating,,,,,,,,,,Ordered,Vendor_Delta,,415
CMP-100985,Compressor,Equipment,686.82,369.76,714.65,407.64,,50,,,,,,,,,,,,,,,Delivered,Vendor_Delta,,6600
CMP-100986,Platform,Structural,174.46,402.29,207.82,429.57,,,None,,,,,,,,6.0,,S355,,,UC_254x254,Fabricated,,,
CMP-100987,Damper,HVAC,509.16,717.14,534.37,740.6,500,,,,,800x600,,,,Acoustic,,Aluminum,,High,,,Fabricated,Vendor_HVAC_2,,
CMP-100988,Compressor,Equipment,486.45,585.32,522.95,600.71,,50,,,,,Reciprocating,,,,,,,,,,Installed,Vendor_Delta,,415
CMP-100989,Reducer,Piping,630.87,481.69,646.24,505.07,,,,,200,,,Steam,,,,Carbon_Steel,,,600,,,Vendor_Beta,,
CMP-100990,Diffuser,HVAC,892.02,548.47,930.89,577.41,2500,,,,,600x400,,,,Acoustic,,Galvanized_Steel,,Low,,,Fabricated,Vendor_HVAC_1,,
CMP-100991,Diffuser,HVAC,897.51,438.76,929.8,466.44,2500,,,,,400x300,,,,Thermal,,Galvanized_Steel,,High,,,Commissioned,Vendor_HVAC_1,,
CMP-100992,Cable_Tray,Electrical,341.24,145.33,378.62,170.37,,,,,,,,,IP67,,,,,,,,Energized,Vendor_Theta,LV_415V,
CMP-100993,Pipe_Segment,Piping,667.47,484.58,694.01,514.84,,,,,250,,,Steam,,Yes,,Stainless_Steel,,,600,,Procured,Vendor_Gamma,,
CMP-100994,Flange,Piping,633.41,20.46,664.5,52.52,,,,,,,,Oil,,No,,PVC,,,150,,Installed,Vendor_Gamma,,
CMP-100995,Pipe_Segment,Piping,625.71,137.54,663.2,156.94,,,,,100,,,Gas,,No,,PVC,,,300,,Installed,Vendor_Alpha,,
CMP-100996,Storage_Tank,Equipment,730.58,601.22,751.13,639.74,,250,,,,,Shell_and_Tube,,,,,,,,,,,Vendor_Epsilon,,3300
CMP-100997,Storage_Tank,Equipment,670.18,672.51,689.63,711.14,,100,,,,,Shell_and_Tube,,,,,,,,,,Installed,Vendor_Delta,,415
CMP-100998,Diffuser,HVAC,352.31,37.96,383.46,65.93,,,,,,600x400,,,,Acoustic,,Aluminum,,Medium,,,,Vendor_HVAC_1,,
CMP-100999,Duct,HVAC,853.69,99.24,880.72,126.35,2500,,,,,,,,,Acoustic,,Galvanized_Steel,,Medium,,,Fabricated,Vendor_HVAC_2,,
CMP-101000,Flange,Piping,764.84,161.61,785.25,180.95,,,,,200,,,Oil,,,,Stainless_Steel,,,600,,Designed,,,
